spec,target_gain_linear,target_ugbw_mhz,target_pm_deg,target_ibias_ma,output_gain_linear,output_ugbw_mhz,output_pm_deg,output_ibias_ma,autockt_reward_penalty,autockt_env_success,rel_gain,rel_ugbw,rel_phm,rel_ibias_max
1,363.0,7.7919688785989205,60.000000073419976,3.7175833821961772,2085.6257819058255,2.5390271063806096,40.08408791068896,0.4230448919262113,-0.7074560092670331,No,0.7035071649719639,-0.5084642158273686,-0.19899179343966455,0.7956614967974269
2,228.0,3.4126265941789784,60.00000008607774,6.86112628512402,1841.2207619115634,0.8770759749905924,40.54359748005586,0.3263388220258406,-0.784590519543904,No,0.7796271870098851,-0.5910784205440226,-0.19351209899988142,0.9091922347696103
3,206.0,5.6588218741857625,60.000000097537416,7.6509867851663,2245.253904351591,2.551131703439495,42.76233334275625,0.40235761416945665,-0.5462701759923525,No,0.8319227562397364,-0.3785271306789986,-0.1677430453133539,0.900076888751301
4,389.0,6.459595923581313,60.000000013076615,9.549084541014775,2384.7520626119403,1.7870256554730102,40.0,0.23886987495294537,-0.7666041813824602,No,0.7195135028516623,-0.5666041812778473,-0.2000000001046129,0.9511910528387297
5,270.0,5.30659704844968,60.00000003705402,7.726633787323678,2290.531008072651,1.402109805937,41.14495190285156,0.40178206831859503,-0.7684190658415372,No,0.7891062446431899,-0.5820029593273432,-0.1864161065141939,0.9011413600253484
6,262.0,1.339560814145532,60.00000005616512,0.2652250775314764,1907.5288340220393,0.3,40.05742484548449,0.33801015781830673,-0.9540175115564641,No,0.7584729035250624,-0.6340483409804508,-0.19931129779007378,-0.12065787278593938
7,257.0,13.819242142423919,60.00000003191159,0.7685724358003952,2246.832183115635,6.0,42.29162520145296,0.2569745689128867,-0.56764437258875,No,0.794714676380425,-0.3945278071802001,-0.17311656540854992,0.49885365033125795
8,235.0,7.583471842798415,60.00000004664726,2.695634243904464,2057.046025169878,2.7457617400237426,40.305778810988656,0.26949340077752304,-0.6646931527427808,No,0.794943035681334,-0.468351312223197,-0.19634184051958392,0.8182247558476179
9,388.0,24.38307834646571,60.000000026747166,0.49428593317817876,1994.8974784904726,6.0,40.0,0.36200884631164837,-0.8050433120482473,No,0.6743460400606142,-0.60504331183427,-0.20000000021397735,0.15447611037094014
10,226.0,14.2806152031666,60.00000002479189,0.6986417099232365,2620.777604546496,6.0,42.82411494177834,0.29486386043941193,-0.575343382488829,No,0.8412239862790386,-0.408301973101569,-0.16704140938726003,0.40641729802927823
11,373.0,17.738017429844668,60.000000009681166,7.913970990031604,2410.203979033606,6.0,45.01347702752794,0.2572620179910261,-0.6371922664003036,No,0.7319635910196461,-0.49448179337365483,-0.14271047302664874,0.9370322648397267
12,389.0,4.030707831001814,60.0000000290212,5.115444982321778,1850.3456512406149,0.9518153196506743,41.71316105373023,0.43572742858376357,-0.79772675174288,No,0.6525770822521383,-0.617938425624363,-0.17978832611851703,0.8430142693000287
13,339.0,21.843068734310656,60.00000003841498,6.322849890999704,2237.683763720388,6.0,43.27833855248519,0.26622004162451307,-0.7309217233514423,No,0.7368710861820861,-0.5690130238692923,-0.16190869948215,0.9191934387260369
14,222.0,12.781088668570693,60.00000006153775,5.060384758520045,2005.980406002952,3.9238836831308723,41.92020005770276,0.4244557209006192,-0.7076054111598284,No,0.8007163802681074,-0.5302136872161676,-0.17739172394366093,0.8452258648202464
15,351.0,21.94527363996483,60.00000002482703,4.212776744316479,2005.8134701407105,6.0,42.57988633786097,0.22741228258766477,-0.7404092571662496,No,0.7021401952704861,-0.5705892826599961,-0.16981997450625355,0.8975663958404833
16,308.0,14.777541271031973,60.000000086530754,7.047925322372812,2146.440107270287,6.0,40.0,0.2954048216266342,-0.6224533197127027,No,0.7490262654300063,-0.42245331902045663,-0.20000000069224605,0.9195447253946435
17,208.0,12.265526678332245,60.00000001596997,0.9160353380539944,2366.3428169722315,6.0,47.35079905368821,0.3704275922566437,-0.46085521735897167,No,0.8384053602894772,-0.3430246928365236,-0.11783052452244806,0.4241146269683842
18,207.0,11.571251155264246,60.000000032743586,5.411991679093153,2136.0172660732687,4.71152919018003,42.51595511555822,0.30869131266727623,-0.59183639471107,No,0.8233047592116832,-0.4212868944709116,-0.17054950024015839,0.8920788608241749
19,223.0,5.424728089361961,60.0000000577687,6.1988658511008055,1778.2794100389228,2.994850498057459,40.0,0.4281569598362051,-0.48859848149957813,No,0.7771425630210598,-0.2885984810374285,-0.2000000004621496,0.8707845220844602
20,255.0,2.233041212405868,60.00000003127149,2.846930583772145,2113.039336212876,1.0130899454636164,45.37739079156101,0.23820981713740869,-0.5145811971137368,No,0.7846319559810921,-0.37581699802386775,-0.13876419908986914,0.845576028198146
21,259.0,23.58552632243448,60.00000007631214,3.168078167604755,2132.6080975182513,6.0,43.95251870753749,0.20486918559645806,-0.7487694488375929,No,0.7834093300915298,-0.5943962642672174,-0.15437318457037552,0.8785221563556158
22,329.0,12.465500494376505,60.00000004982655,5.161916513123782,2114.108308020787,6.0,40.0,0.21448129162354687,-0.5501394670405002,No,0.7306709662278298,-0.3501394666418878,-0.20000000039861243,0.9202137567148915
23,354.0,20.730775487186328,60.00000005147248,2.111655190182496,2482.154650710973,5.211117835746794,44.98303520733457,0.3914586073267469,-0.7412887389874832,No,0.7503662221584013,-0.598246915066907,-0.14304182392057616,0.6872226842293202
24,206.0,10.616978614046555,60.00000004987597,8.099794801609468,2256.8121991498683,2.6887295680048524,40.981185337187675,0.4181082602713143,-0.7841933993960071,No,0.832711564388784,-0.5958532186010534,-0.18834018079495363,0.9018283591081409
25,343.0,2.777972086135355,60.000000030854046,5.410262711605638,1997.8321921941736,1.2400554193327653,43.901882197029316,0.4487873391652236,-0.5376899082819471,No,0.7069418293683926,-0.38275414110770617,-0.15493576717424085,0.846805425699964
26,250.0,16.10669696684796,60.00000000231763,3.9682418793866625,2280.123656733491,6.0,40.641725975727184,0.2561743342578893,-0.6495264567603758,No,0.8023812003538501,-0.4571780660857814,-0.19234839067459444,0.878717284802352
27,383.0,2.2866177830207954,60.00000009452328,6.379513048797242,1981.4745198524988,1.0695250969383876,42.86945085041996,0.2572354459527886,-0.5291733463280848,No,0.6760379553391065,-0.3626462667457143,-0.1665270795823705,0.9224814843725739
28,366.0,4.580742027367724,60.00000005054445,8.361812044929051,2235.4805356924667,2.462545070932677,40.0,0.36724444457407013,-0.5007398292473662,No,0.7186217655842829,-0.30073982884301054,-0.2000000004043556,0.9158570127216638
29,379.0,14.508150330029542,60.000000096668664,6.8424512786211835,2136.7243511740057,6.0,40.0,0.40187424944166084,-0.6148667826679253,No,0.6986951294380617,-0.41486678189457593,-0.20000000077334934,0.8890513001148574
30,339.0,8.292052284213465,60.000000021514445,0.7545393278500285,2172.5857470894066,2.8080056749624807,42.75660650698436,0.31675616700916875,-0.6618637987556005,No,0.7300510242241534,-0.4940556733505663,-0.1678081254050342,0.40864837287344197
31,307.0,24.854034945045285,60.00000003528951,7.016891227894365,2075.6580190414015,6.0,40.0,0.4154181340881977,-0.8110719388027259,No,0.7423046047342428,-0.6110719385204098,-0.2000000002823161,0.8882129056109727
32,256.0,3.842837493075078,60.00000000505404,7.3265879365722615,2217.776735842483,1.3674787952930134,43.56141971488966,0.2696362861667351,-0.6338206573922607,No,0.7930290181075575,-0.4750879909744145,-0.1587326664178462,0.9290078127605582
33,314.0,19.34664268782866,60.00000004948942,8.480034339893685,2114.025541024842,6.0,43.55560462543944,0.44982061710318166,-0.6853622524874246,No,0.7413536268918619,-0.5265645179208549,-0.1587977345665697,0.8992546644331035
34,350.0,15.551623629831107,60.000000088233946,0.6732688458289914,2094.0743539896985,6.0,43.20787854049918,0.2415777776509785,-0.6058993381886675,No,0.7135930014333146,-0.44319740330886437,-0.16270193487980317,0.47187261459840163
35,271.0,19.977779916242067,60.00000006542601,0.9535067040757443,1983.2272426393527,6.0,40.0,0.26630076454303797,-0.7380667622447494,No,0.7595628383208599,-0.5380667617213414,-0.20000000052340805,0.5633724642716332
36,201.0,6.416491289560831,60.000000047058684,4.40138752719959,2541.55028986467,2.811283840899378,45.32897728969973,0.44885567237317847,-0.5299784868755408,No,0.853421101707551,-0.39069086509931605,-0.13928762177622475,0.8149141583610835
37,394.0,13.541740843125227,60.000000053669076,4.588381238741713,1841.569056873427,3.8503478975402885,43.36098036548754,0.33554880034356854,-0.7182096625212859,No,0.6475170393071803,-0.5572299618575942,-0.16097970066369172,0.8637069179781022
38,240.0,11.812347157330102,60.000000084717236,6.127440803831692,2064.046628172239,5.975757693091862,42.948427663185875,0.4131799730120713,-0.49374973367354835,No,0.7916708828150861,-0.3281175545859112,-0.16563217908763714,0.873657260645692
39,378.0,11.62530409646388,60.000000043092776,3.1619716323479095,2403.9571580564466,3.8236865087116363,40.0,0.2588009737502328,-0.704992060158582,No,0.7282488704721237,-0.5049920598138398,-0.20000000034474222,0.8486885838077202
40,308.0,21.64399997982832,60.00000008824557,7.442765739669788,1955.5561259136307,6.0,41.61069787353837,0.35484537758302576,-0.746887432429552,No,0.7278618396301677,-0.5659094194488374,-0.18097801298071456,0.9089861312016695
41,287.0,24.76075025120315,60.00000007275081,7.432515984318364,1899.8574850583386,6.0,45.507994264709076,0.25967148815396146,-0.7472470556215273,No,0.7375229049346637,-0.6098924797996225,-0.13735457582190477,0.9324843579064509
42,271.0,8.329125863664649,60.000000076385675,1.282485768388086,2431.5349088287326,2.95154528427627,40.0,0.3879661231036005,-0.6767075039913216,No,0.7994475489551028,-0.47670750338023626,-0.2000000006110854,0.5354956044173735
43,239.0,15.904655705731566,60.00000003659373,7.1082160104691745,2316.161539489566,6.0,46.217278016619176,0.2663001036876003,-0.5819309559681315,No,0.812927678891297,-0.4521712570510714,-0.12975969891706005,0.9277782841435829
44,255.0,15.631141893883127,60.00000004005816,7.044846151116275,2174.220879772069,6.0,40.0,0.23943670808930798,-0.6452442662557107,No,0.7900561434134171,-0.44524426593524546,-0.2000000003204653,0.934259360127204
45,395.0,18.76214333162908,60.00000005702817,1.721943046260535,2271.5762983480267,6.0,44.78117549780491,0.4042760337788654,-0.6606331650636489,No,0.7037399603043747,-0.5153892843891179,-0.14524388067453098,0.6197230684512776
46,286.0,23.742164807809072,60.00000001946553,9.534860397371506,2093.4947341878637,6.0,40.0,0.22885716760477554,-0.7965323952405201,No,0.7596128321774887,-0.5965323950847958,-0.20000000015572425,0.9531208955847481
47,226.0,5.986909739765232,60.000000055322296,5.277753091011243,2315.89970182643,2.2231233908096444,42.35624517843379,0.35855948972126994,-0.63081336168519,No,0.8221802380026149,-0.45843741299154084,-0.17237594869364914,0.8727680608250897
48,223.0,6.064604687329432,60.00000000735317,7.851572305283085,1988.6875026666048,1.3467175581444435,44.38927439114238,0.22307461692818334,-0.7861217153752987,No,0.7983440248849518,-0.636578328795003,-0.14954338658029576,0.9447469049539335
49,297.0,16.85027529260888,60.000000050425555,7.2355786291252455,1979.002492534969,4.342033721628143,42.61144816036338,0.3853077270869827,-0.759685672978668,No,0.7390161030366825,-0.5902255182565375,-0.1694601547221305,0.8988811250877935
50,224.0,4.7693702411410515,60.000000076440415,1.7529332465045704,2001.4378650152325,1.9441148087679512,40.0,0.4207765983250357,-0.6208329080165074,No,0.7986913015893465,-0.4208329074049841,-0.20000000061152332,0.612849342035326
51,291.0,5.171525159834427,60.00000002797207,1.356613014063136,2324.669241903169,2.37383547071275,43.11897881213175,0.2770645874825334,-0.5344870759263103,No,0.7774948029833715,-0.3707827665380645,-0.16370430938824573,0.6608087333505772
52,288.0,2.80155685362803,60.00000009890907,7.833127401376178,2196.5924696283937,1.6261656375536666,40.58809128655191,0.25251913458493846,-0.4584459724778234,No,0.7681712365142325,-0.2654618076031834,-0.19298416487464004,0.93753891331711
53,354.0,1.0642173424692576,60.00000006803987,2.760768415451532,2113.7569503455597,0.6548477430140287,41.98816877172043,0.23863833458305114,-0.41474208685034447,No,0.713099784846778,-0.23813502054818447,-0.17660706630216,0.8408763102368163
54,267.0,11.812088910824858,60.0000000118811,8.875506121432494,2269.3682074018798,6.0,40.0,0.4203540511658311,-0.5263002414604905,No,0.7894627450219457,-0.32630024136544167,-0.20000000009504879,0.9095610210650715
55,211.0,15.251468682869518,60.000000097508284,7.737159875847285,2452.133040528745,5.408766869950789,45.8728371293283,0.40268732914359723,-0.6098432128989362,No,0.8415400231314711,-0.4764080151823396,-0.1334351977165965,0.9010577670557027
56,386.0,7.990222936744662,60.00000003939037,0.39062688661075456,1778.2794100389228,2.6704955083140933,43.30261149736505,0.41464831283444537,-0.690468482989422,No,0.643299291016165,-0.49900271317044903,-0.1616356865875006,-0.029830083231472338
57,317.0,6.55542962934462,60.00000007948972,8.090367681907962,2176.1869755764465,3.0883595484454003,41.23514854002603,0.20591610867536286,-0.5448723150433702,No,0.7457069982272735,-0.3595132594648587,-0.18535905557851148,0.950359434688315
58,337.0,17.9669399170968,60.00000003390853,2.7926078907114023,1983.4073233302436,5.2495901187649325,48.32536685940699,0.26978124818046784,-0.6555451112905,No,0.7095337558956345,-0.5477713413110331,-0.10777376997946682,0.8238099497191343
59,231.0,17.87170139424921,60.000000093894855,0.7323326923191659,1993.1179907833568,6.0,43.136170868668295,0.442600152755557,-0.660823075728923,No,0.7922772074527941,-0.49731274692926375,-0.16351032879965918,0.24659497840932573
60,296.0,11.896751833769038,60.000000075496516,7.152000157184905,2077.8860716922504,3.8406572185359473,40.0,0.30864093964116107,-0.7119073030358901,No,0.7506198772302555,-0.511907302431918,-0.20000000060397213,0.9172615501441387
61,220.0,17.497238081709824,60.00000001990579,5.8088515796704225,2090.9112916847116,6.0,40.09956308540404,0.26368062653464547,-0.688108112040219,No,0.8095989224756313,-0.489301680551947,-0.19880643148827207,0.9131562855227973
62,341.0,23.17386506758117,60.000000050912256,0.8629933097352149,2288.926550781679,6.0,42.279156960535566,0.37985749978621136,-0.761932518234992,No,0.7406771684185276,-0.5886729450416653,-0.17325957319332663,0.38873194292325436
63,275.0,19.907872639521553,60.00000005000779,4.606457999026333,2098.8725289175636,6.0,40.0,0.2784789112645899,-0.7368203265238515,No,0.7683110641788384,-0.5368203261237892,-0.20000000040006233,0.8859846436591932
64,360.0,16.001392171941326,60.000000004530335,3.6652265656653578,1969.0781955819302,6.0,40.0,0.30209822715480417,-0.6545799690573048,No,0.6908648231022124,-0.45457996902106207,-0.2000000000362427,0.8477068337326329
65,358.0,16.868393028480828,60.00000001370364,5.046139057037695,1984.323511656478,5.005794636597782,44.32206735451428,0.42570138643314565,-0.6925943039675179,No,0.6943206194887874,-0.5423103510637461,-0.1502839529037717,0.8444028509855015
66,292.0,23.40804300269232,60.00000003330407,5.712172669560654,2009.0036270104104,6.0,41.39461000595346,0.2717284292172318,-0.7754432284992548,No,0.7461977055817315,-0.5919483659996895,-0.18349486249956534,0.9091801736921327
67,347.0,11.20333518650108,60.000000047374414,3.7401090007824362,1893.8407058497844,5.1697977100030945,40.493660665621114,0.3182965464773315,-0.562607493965281,No,0.6902948084670671,-0.36850232112793796,-0.19410517283734297,0.8431420700712154
68,249.0,14.069497089053888,60.000000045698854,2.625649202286873,2162.0202711746188,6.0,40.0,0.32886300247880407,-0.6020776933564668,No,0.7934484392545648,-0.4020776929908759,-0.20000000036559085,0.7773825391898247
69,380.0,16.54323336165954,60.00000006062605,1.1187586587165093,1998.7047021192443,6.0,42.84158400969696,0.24978248318164414,-0.6345326636449241,No,0.680498382450374,-0.4676894921201042,-0.16684317152481992,0.634965328356591
70,217.0,22.801874685102543,60.00000005155057,5.78173182140136,1994.1514512426781,5.8785884347895605,46.36812235807554,0.21820705729614226,-0.7182207615337646,No,0.8037221739125604,-0.5900632140969644,-0.12815754743680025,0.9272635732770957
71,211.0,20.83914783160143,60.000000032796585,7.2555058959260785,1890.4526482515173,6.0,41.683215859641,0.364014502777946,-0.7330276824871148,No,0.7991865292082032,-0.5528919146281259,-0.18013576785898885,0.9044521219892372
72,369.0,2.713836084539539,60.000000061306814,2.361203789217185,2118.6378246659365,0.6860904027965788,40.0,0.3062865484856835,-0.7964086844122421,No,0.7033330203125104,-0.5964086839217876,-0.2000000004904545,0.7703560202962574
73,258.0,4.982146941297392,60.000000016250205,5.137366360615403,2345.41088317845,2.6945715319010213,40.0,0.3141154563675431,-0.4979887068128038,No,0.8017984777838731,-0.2979887066828022,-0.20000000013000166,0.8847596059519148
74,397.0,8.38268350274158,60.00000009906157,0.5359752819018144,2527.478197817929,3.669827983274997,40.0,0.437509902110789,-0.5910268440304747,No,0.72849857434655,-0.3910268432379821,-0.2000000007924926,0.10114728134347305
75,274.0,18.974985329670957,60.000000073931936,8.642992099535853,2332.1743663537554,6.0,43.25056999718358,0.42430202580831555,-0.6817404246856735,No,0.7897301089770538,-0.5195192372848494,-0.16222118740082414,0.9064104417607142
76,220.0,14.660969183658217,60.000000029923434,2.5210593585313643,1909.5082497545757,6.0,40.728920536052875,0.35941535919403905,-0.610510971038372,No,0.7933795278554523,-0.4191947196024379,-0.19131625143593411,0.7504471349931825
77,259.0,7.926654119340202,60.00000003363735,4.770469436819608,2137.057913382363,3.1097186672642896,42.09766914655566,0.26792877677054616,-0.6118051645677995,No,0.783811569366964,-0.43646001682024693,-0.17534514774755258,0.8936452557291492
78,225.0,3.9844877961929974,60.00000008282894,3.8914967962372513,2189.5341354451443,1.2197366860019754,40.11510143749924,0.37348745307476305,-0.7298716883979289,No,0.8136286443856642,-0.5312513170117789,-0.19862037138615005,0.8248586952530901
79,297.0,17.52827178909025,60.00000005323398,1.5858382155873858,2094.3953876387122,6.0,41.08037613202004,0.3050358794433564,-0.6771493451251205,No,0.7516094565246605,-0.48997528983134914,-0.1871740552937713,0.6773599255021822
80,271.0,17.793608439417216,60.00000007087398,9.318484763856137,2181.4607368320867,6.0,42.58570751881286,0.39139864402951735,-0.6654164720558264,No,0.7789974812399578,-0.4956628780979503,-0.1697535939578762,0.9193813916011285
81,316.0,23.62422977785698,60.000000029979056,8.589103457704926,2098.078815049942,6.0,46.51840737675038,0.3047553206574555,-0.72149202618772,No,0.7382024165657055,-0.5949261773222688,-0.1265658488654512,0.931468369747699
82,362.0,13.011332250830215,60.00000008157488,5.5733614061090595,1778.2794100389228,5.77977824162987,40.0,0.25485540865535905,-0.584839098485694,No,0.6617264098303719,-0.384839097833095,-0.20000000065259904,0.9125442938190826
83,293.0,12.851085264282023,60.00000003683578,9.14808192825918,2070.4745482971425,4.537226419784754,42.08422362281146,0.3168475373080775,-0.6536291117528591,No,0.7520599490177685,-0.47812915914748677,-0.17549995260537235,0.9330480932878059
84,241.0,2.9306044455832234,60.00000006738064,7.432591698255112,2180.666819479671,0.7944101571034654,41.039193241360366,0.3410979957561935,-0.7611306681637745,No,0.8009635363036587,-0.5734727286542757,-0.1876579395094988,0.9122429607605849
85,294.0,1.9566588204067132,60.000000097989805,4.251756113191706,2407.474504995602,0.6417644140198137,43.62616229450797,0.25291507105287037,-0.6640442272793832,No,0.7823410885749014,-0.5060355022098997,-0.15800872506948352,0.8877098635134748
86,290.0,11.36868793985854,60.00000005837021,3.2858399432734067,2173.3730128815223,3.9775640706897177,41.56422219612894,0.4079810712888181,-0.6631424654920367,No,0.7645504773466902,-0.48162403850064023,-0.1815184269913965,0.7791007903845767
87,253.0,8.735718000599197,60.00000007967548,4.220940325163022,2112.3408141279547,2.358739279917117,44.09279398598521,0.3625360233124687,-0.7276071584343016,No,0.7860773394777995,-0.5747896052455942,-0.15281755318870743,0.8418073986863478
88,371.0,7.008829657888094,60.00000007253242,7.230850422139152,2113.3844101644354,3.1039459113814,41.96537501303616,0.2498401705906332,-0.5630038194484003,No,0.7013344646004727,-0.38613372953442954,-0.1768700899139707,0.9332039823078785
89,268.0,3.191845279143645,60.00000006880437,2.7854537842971854,2227.473754463706,0.9408540955696995,41.72607710149417,0.3748662428115377,-0.7243167123567888,No,0.7852111251255416,-0.5446781823393773,-0.17963853001741156,0.7627669099357063
90,379.0,24.08586645262808,60.00000000266471,0.8710819926724286,2060.7597418356877,6.0,45.86514349005029,0.2286332178447244,-0.7346591866426784,No,0.689313670111764,-0.6011416184774108,-0.13351756816526766,0.5841955887157236
91,374.0,21.06300673374835,60.000000047459025,3.7908008507048274,2336.8788669928085,5.245328404316823,40.0,0.43954320955147397,-0.8012420875897117,No,0.7240747238441678,-0.6012420872100395,-0.2000000003796722,0.7921950539763691
92,365.0,14.80477862127833,60.00000009670707,5.07020533133987,2402.4977036277455,5.43690021704417,42.3676386380388,0.3568105989002611,-0.6350469185751311,No,0.7362238100349326,-0.4628014543190189,-0.17224546425611215,0.8685057853204152
93,218.0,23.818870667352456,60.0000000782904,9.029215991656887,2399.9264829158324,6.0,46.76416007375714,0.3956588365902549,-0.7215429612282704,No,0.8334559802021692,-0.5975702724000764,-0.123972688828194,0.9160394501146198
94,355.0,24.989738005058832,60.00000007761621,1.8755090676958261,2536.3349758183335,6.0,42.87286205461705,0.2853077937153208,-0.7792634400041833,No,0.7544386914909267,-0.6127750419173891,-0.16648839808679428,0.7359259835384687
95,362.0,17.134758023277744,60.000000057763444,8.062946392641692,2336.392418982889,4.374157285874974,42.29055374710863,0.37682716092651924,-0.7663991581790713,No,0.7316921012278492,-0.5932703046151627,-0.1731288535639086,0.9107020683588835
96,243.0,7.4682646232092935,60.00000007214001,9.8159972530208,1855.4717574000385,2.763649879406142,40.0,0.40204980470168894,-0.6597980904263443,No,0.7684028873459113,-0.45979808984922416,-0.20000000057712009,0.9213059398864617
97,336.0,1.9655601554707882,60.00000005835233,9.545386133858234,1906.9364142264026,0.6663137482752336,42.93551894953115,0.4076827547226508,-0.6594366597602603,No,0.7003927549003767,-0.4936583038215851,-0.16577835593867524,0.918078984625459
98,386.0,19.15045192990137,60.00000001705121,0.7823717339501766,2527.1401192700355,5.450584830198418,40.77579489311887,0.35258292605763014,-0.7476438253886711,No,0.7349938662773814,-0.5568816970316735,-0.19076212835699766,0.37868368053538826
99,262.0,12.292019758039206,60.00000006290252,4.704432361377173,2079.7218185839347,6.0,40.934191929961514,0.2850847107910709,-0.5328696708296368,No,0.7762330282608595,-0.3439762170207536,-0.18889345380888314,0.8857265315790634
100,241.0,16.636227746408473,60.00000006197358,2.8948380191469343,2480.320843633147,6.0,40.0,0.4370156444442578,-0.6698763361452234,No,0.8228801278145147,-0.46987633564943465,-0.20000000049578864,0.7376741666539902
101,318.0,22.98574691024242,60.000000084116714,8.463980392187146,2397.81747072766,6.0,42.49834846260677,0.3227053337696465,-0.756753994877042,No,0.7658163676848304,-0.586003423090689,-0.17075057178635303,0.9265467449652056
102,297.0,5.355739533355022,60.00000001477757,3.3402791250885775,1867.791076503133,2.790033359324328,43.93205931287132,0.2765515075325221,-0.4695743655056147,No,0.72560862503207,-0.3149739389784005,-0.15460042652721423,0.8470752237949795
103,269.0,15.047911006668505,60.00000006807269,5.57560481370827,1929.8588806267296,5.9922093647403205,41.50724875543758,0.3757137355464422,-0.6125831914287435,No,0.7553276361934347,-0.43040160807415684,-0.1821815833545867,0.8737376490816499
104,363.0,16.234833266898086,60.00000000315705,0.17889481821880968,1946.0790321195202,5.376851501515602,41.169681178731445,0.2298886853137632,-0.8132840746371403,No,0.6855889339856855,-0.5024125551401639,-0.1861261062053898,-0.1247454132915865
105,376.0,12.80141925258432,60.00000009482052,2.0866444191842626,1815.1788260827302,3.7978000908508607,40.0,0.44415175572076415,-0.74241220554061,No,0.6568057380581828,-0.5424122047820459,-0.20000000075856417,0.6490023494385659
106,342.0,3.1898177510518524,60.00000001098955,5.6816867341594515,2144.702856182732,1.2710758037016139,41.065619239955005,0.2568707908706387,-0.6174724217848383,No,0.7249369789802754,-0.43012502401131125,-0.18734739777352707,0.9134905101826603
107,256.0,9.351065351071611,60.00000000189374,3.1087021419540215,2127.6322008223733,3.8819347966864353,43.15211203651978,0.3743543482275486,-0.5766253493101189,No,0.7852017606477394,-0.41329483059907346,-0.16333051871104545,0.7850426203061476
108,375.0,8.99940144796221,60.00000003136925,6.2649034865318365,2074.1168026373794,2.826938082256119,42.52696027779331,0.34351605490658305,-0.6923489479318967,No,0.6937671575351785,-0.5219250935536214,-0.1704238543782754,0.8960368503384057
109,283.0,17.08320422850845,60.00000001514313,4.692874236746944,1917.2941845783928,5.277439565832701,41.4333345548011,0.4055289113248576,-0.7110137312996117,No,0.7427616707042957,-0.527970695801856,-0.18304303549775566,0.8409192448901467
110,396.0,21.585594265608464,60.000000069050024,5.95774025634968,2034.6989519827162,6.0,40.58657182384792,0.23729939611841377,-0.7579925252382591,No,0.6741677946773428,-0.5649903393612712,-0.19300218587698798,0.9233905158221629
111,398.0,8.91528792589517,60.000000041037744,4.984270690963361,1965.966088232629,4.788930384591621,40.0,0.39768520746085484,-0.5011012705952798,No,0.6632777416045282,-0.30110127026697775,-0.20000000032830195,0.8522153600042345
112,214.0,17.64816817560238,60.00000007749723,7.748871303210192,1864.6924814593349,5.2819304427731,41.34695529888105,0.415041666456545,-0.7233529083967923,No,0.7941013383088176,-0.5393015502741605,-0.18405135812263182,0.8983228586589189
113,258.0,7.917227088674938,60.0000000920521,2.034681996340953,2286.0225806273256,3.438320241154613,42.355539431979956,0.2519469764558878,-0.5668086003643114,No,0.7971716116321733,-0.3944245677841363,-0.1723840325801751,0.7796345804647753
114,208.0,23.684644949517057,60.00000008728177,9.014388642541592,1778.2794100389228,6.0,40.0,0.21876621722529196,-0.7957505976682466,No,0.7905632017844618,-0.5957505969699924,-0.20000000069825416,0.9526128998055566
115,280.0,20.525584833711346,60.00000007358373,7.628773981184796,2337.577778275884,6.0,41.11144726787896,0.3757468895234293,-0.7344158232304119,No,0.7860617534853713,-0.5476065815239176,-0.18680924170649427,0.906116332109661
116,302.0,14.20231861532279,60.00000000622813,2.526756056328171,2439.2033903399656,5.224036935482022,40.0,0.35626450179105545,-0.6621701511293879,No,0.7796588162233772,-0.46217015107956294,-0.20000000004982502,0.7528533046441619
117,268.0,11.915821806441507,60.00000001380825,0.16314103924286028,1886.5122034060753,3.905915116285735,40.0,0.4066577899125149,-1.13363283370217,No,0.7512197892624438,-0.5062596306129883,-0.20000000011046598,-0.42737320297871556
118,216.0,8.548411772084032,60.00000002073417,4.159357484703597,1798.9301745177224,2.4498921540833445,44.97486595726353,0.34230176232977305,-0.6976271476828126,No,0.7856005108944284,-0.5544963713442189,-0.1431307763385937,0.8479219578623804
119,254.0,8.758570870623872,60.00000003250496,2.4066776444114555,2089.5270686194694,4.149271059621964,45.403626255007985,0.32344880483627103,-0.4955737407615909,No,0.7832327149951573,-0.35709298548205276,-0.13848075527953813,0.7630521436650703
120,345.0,24.284433443405852,60.00000006622268,3.5295946076201212,2034.1833454417788,6.0,41.4611690492423,0.26259197560300096,-0.786475311115761,No,0.7099845199732275,-0.6037568270040433,-0.1827184841117176,0.8615089369469715
121,383.0,10.700201368017895,60.00000005254772,8.41178266827212,2575.615201747175,5.774863870673707,49.9553121786288,0.3680703960758098,-0.3903095425838916,No,0.7410950908561384,-0.2989570861168464,-0.09135245646704522,0.9161556820192307
122,280.0,13.350310055898523,60.00000003137526,8.784266281090593,1892.5776856365262,4.905061800474596,42.663485112331536,0.36287737235842155,-0.6314845498030757,No,0.7422416681795523,-0.46261715849275414,-0.16886739131032158,0.9206577733757151
123,254.0,24.7148611547621,60.00000001731824,9.514803595220089,2222.676340900272,6.0,41.93501029083191,0.28699026407366257,-0.786530304511585,No,0.7948864001279465,-0.6093096452711949,-0.1772206592403901,0.9414412773430147
124,367.0,16.783849275595095,60.000000091212414,0.1144742013022197,2117.9185840160762,5.589237421952606,40.0,0.3734184184958581,-1.2311008158369678,No,0.7046180890104964,-0.5003606344076574,-0.2000000007296993,-0.530740180699611
125,327.0,14.02224626457268,60.000000034232706,6.607308116742379,2004.8124364372093,6.0,40.632007284398775,0.2808184465689987,-0.5931301902332777,No,0.7195314726945832,-0.40066664641755134,-0.19246354381572642,0.9184630410060297
126,301.0,10.917941699183716,60.0000000354287,8.505159279011327,2161.398764378112,5.609944275948321,46.290602227121326,0.3644150966207822,-0.4501343822361039,No,0.7555229442490249,-0.32115404421484045,-0.12898033802126346,0.9178280532554166
127,364.0,5.501980993468651,60.000000077198976,7.299428886505629,1928.2598343146205,1.6031980189225483,41.284110079874786,0.3899976340152542,-0.7335101458184902,No,0.6824094768394047,-0.5487241022002054,-0.18478604361828474,0.8985626215493544
128,317.0,9.682704619640207,60.000000072092455,1.1290952915804406,1857.7663961466544,2.3570036921344353,40.233576244125295,0.3745625072805431,-0.8056652791793804,No,0.7084744360942175,-0.6084616618445277,-0.1972036173348527,0.5017982049316366
129,236.0,19.154635697333767,60.00000006433091,5.345163441694124,2527.939000545005,6.0,41.81334881596809,0.33806285226343324,-0.7015781286940058,No,0.8292292268726158,-0.5229507537144764,-0.1786273749795294,0.8810313597321072
130,267.0,16.009809811480213,60.000000069331335,2.45785918575657,2330.5124346096522,5.112209733175067,41.55378437556291,0.22936653727238937,-0.6975753821807009,No,0.7944186934834643,-0.5159355172106483,-0.18163986497005263,0.8292912014746164
131,235.0,19.239772865464406,60.00000006100766,4.971085880813987,2229.4005014951695,6.0,41.496705026175405,0.44506115815084385,-0.7068642966043186,No,0.8092842459190998,-0.5245599053539977,-0.18230439125032089,0.8356539602972424
132,263.0,5.885397720406573,60.00000001922642,0.6929612489665775,2512.3317170382707,1.6217518181279065,43.908392994900645,0.32706022289822345,-0.7228081145594213,No,0.8104731060540297,-0.5679447146208041,-0.1548633999386172,0.35871894480751926
133,390.0,14.18127133804796,60.00000002465191,9.969896774064729,2415.5544208468623,4.308488740688561,40.0,0.3269344189524141,-0.7339594758917235,No,0.7219800855744742,-0.5339594756945082,-0.20000000019721528,0.9364980521047822
134,343.0,23.264146260266745,60.00000005580866,7.1453594995310175,2357.960503654296,6.0,44.17021335545973,0.4497255833073347,-0.7419026855483546,No,0.7460162786268558,-0.5899419072992762,-0.15196077824907844,0.8815745766104655
135,337.0,11.514786281737077,60.0000000224867,1.0209637197450734,2006.1312738836189,4.750257156843444,40.0,0.31383615421662525,-0.6158937019359085,No,0.7123507301906821,-0.41589370175601487,-0.2000000001798936,0.5297629849407214
136,267.0,17.758000698932133,60.000000097291064,9.220616589423853,2036.8032594846873,6.0,45.29664604632578,0.2583906115144733,-0.6345444330187249,No,0.7682093738683898,-0.4949069935611471,-0.13963743945757773,0.9454815032762303
137,391.0,3.914226000702876,60.00000002976146,8.983145972121445,2122.803607979665,1.7645640001826426,43.974876954734185,0.3659222073711337,-0.5326672133637014,No,0.6889176236689029,-0.37854225991540935,-0.15412495344829197,0.9217200687072123
138,349.0,24.355523579720664,60.000000028900416,5.245616263071167,1942.6400480396435,6.0,40.0,0.3255727875332415,-0.8046847961140611,No,0.6954146439371681,-0.6046847958828577,-0.20000000023120332,0.8831226926331208
139,309.0,15.61292000996716,60.00000002072778,7.038384406016928,1806.6147968631751,6.0,40.0,0.38061095689266067,-0.6447765507445502,No,0.7078863312374686,-0.44477655057872795,-0.20000000016582226,0.8973955533668395
140,349.0,6.743139095863609,60.00000007049883,3.7876705433333995,2078.858046728616,2.4173040550658365,40.859958308369876,0.4423009076435543,-0.6619983753500608,No,0.7125037845847246,-0.4722298877384398,-0.189768487611621,0.7908728639095659
141,302.0,4.8010759313255775,60.000000031704076,9.748092422665685,1961.3043941869141,2.527575343856426,46.4858396653856,0.2950023493806637,-0.4371312704157406,No,0.7331335539526554,-0.3102208717677988,-0.12691039864794182,0.9412527002728752
142,292.0,14.220136168064078,60.000000034880316,0.9405339334132464,1826.4079772602272,4.807029630420348,40.923354192287846,0.20897477495942163,-0.6837404445341939,No,0.7243212798153749,-0.4947193206459322,-0.18902112388826167,0.6364102795614969
143,256.0,14.254033817289592,60.00000009337004,1.046212352840117,2378.7795844082975,6.0,44.9412061011512,0.22461078159579947,-0.5510228645863384,No,0.8056763446058879,-0.4075254288478399,-0.14349743573849855,0.6465113429092585
144,235.0,3.237020830756541,60.000000079540534,1.421787117484474,1915.7278830573482,1.6509030326175005,41.6093431208101,0.4258560155126215,-0.5054909978429483,No,0.781469332451358,-0.3244972390065367,-0.1809937588364115,0.5390278480651914
145,330.0,24.81417134548527,60.000000027345756,8.217632629752739,2473.887838759993,6.0,42.75087763072038,0.34148201547898416,-0.7784420276521827,No,0.7646125530142882,-0.6105687910456117,-0.16787323660657105,0.920206229351251
146,326.0,22.91031708362003,60.000000012187414,0.8408217948657873,2312.121050874963,6.0,44.935879891272414,0.3549275921343538,-0.7284787411425262,No,0.7528544037872118,-0.5849232657915417,-0.1435554753509845,0.40635120370032535
147,223.0,12.074749460290802,60.00000006766223,5.721425210063162,2138.397142607408,4.198726686829595,41.72852498669675,0.20234935786371774,-0.6635892711258635,No,0.8111287627342787,-0.4839791266634126,-0.17961014446245097,0.9316822895458247
148,393.0,3.819187578149381,60.00000003796942,4.406330496506355,2268.3239616747137,2.243903811751026,40.0,0.3104324459009536,-0.45981527688401336,No,0.7046582786165623,-0.259815276580258,-0.2000000003037554,0.8683705542587571
149,212.0,20.97143617045363,60.00000009801605,9.645760919854133,1972.0588220959135,6.0,41.54346899642447,0.24980424977722307,-0.7368447742003665,No,0.8058660345085797,-0.5550848711146636,-0.18175990308570292,0.949511878200984
150,228.0,12.961012112972686,60.00000008183775,2.4440401739447752,2525.105859752271,4.516517869743516,42.58653112346505,0.34370298254466125,-0.6529071126468323,No,0.8343688825532369,-0.4831629098379496,-0.16974420280888272,0.7534184727566644
151,239.0,18.198479823802984,60.00000009546089,2.6838102953437395,2282.5779980518737,6.0,42.5535071089603,0.371449873183503,-0.6742219613388549,No,0.8104361632401241,-0.5041010804242287,-0.17012088091462618,0.7568456676718588
152,360.0,13.21292836166828,60.00000008046158,3.218588262556607,2377.2084312900265,6.0,42.80873952732576,0.4260388227234313,-0.5426365069722504,No,0.7369582850288572,-0.3754205619201077,-0.16721594505214274,0.7662099233997783
153,240.0,7.562197521118581,60.00000002904527,8.028086537795003,2036.3316904629698,3.7912249055981286,40.0,0.36944111465583984,-0.5321441303271479,No,0.7891344209584958,-0.3321441300947857,-0.20000000023236214,0.9120119325720785
154,374.0,21.033374693840663,60.00000002876303,7.037183502583268,1917.9520994475115,6.0,40.0,0.4258509260182419,-0.7561042552148101,No,0.6736406488685738,-0.5561042549847058,-0.20000000023010428,0.8858772714792255
155,308.0,24.52587118248101,60.00000007141413,7.379993400945445,2014.4367816496483,6.0,42.38129111962938,0.2737776129072888,-0.7789799720493538,No,0.7347613485683561,-0.6068908262023042,-0.17208914584704965,0.9284594189160422
156,352.0,6.849541745803321,60.00000003463635,3.2487714207343963,2031.0516227326743,3.3203000853894458,43.18720323227781,0.44287239530283495,-0.5099650440717847,No,0.7045804659520071,-0.3470301425523694,-0.16293490151941523,0.7600676460828049
157,216.0,14.230361845131272,60.00000004423761,2.7923631311412986,1778.2794100389228,6.0,41.579038197755516,0.4016221234484416,-0.5881782561687464,No,0.783380404057038,-0.4068321618830574,-0.181346094285689,0.7485134767786967
158,298.0,10.206064317931599,60.0000000256444,0.8394056144445493,1923.4903020374184,4.758839429261837,45.61697417239909,0.23518925375147065,-0.500181001500515,No,0.7317116354487866,-0.363999994967649,-0.13618100653286605,0.5622736331389792
159,297.0,23.124835598357485,60.000000047907925,2.1068550001644137,2526.9029986551573,6.0,48.41752114142635,0.2914437623513916,-0.6948126755281581,No,0.7896528314595495,-0.5879805068950588,-0.1068321686330993,0.7569579179153908
160,352.0,13.197781398229456,60.0000000202068,7.821376126441744,2042.866884098566,6.0,41.945367429588764,0.3682070954684384,-0.5520288310847603,No,0.7060379411171376,-0.37492777154412654,-0.17710105954063382,0.9100791614197541
161,319.0,22.103830123515426,60.000000053857796,5.888609554460877,1995.9254710588502,6.0,45.77607790548321,0.20625616241162056,-0.7074839497184239,No,0.7243971747789453,-0.5730119365488481,-0.13447201316957583,0.9323180617939985
162,335.0,21.736646426286118,60.0000000933024,1.6385644580871737,2204.825402299744,6.0,40.0,0.21580426029004884,-0.767359377378644,No,0.7362023391870429,-0.5673593766322248,-0.2000000007464192,0.7672477343352713
163,264.0,7.629937667728983,60.00000006961713,1.7273123089277052,2313.3036498177275,2.011289346946025,44.53771477395098,0.2760911460890013,-0.7306842290301593,No,0.7951347331396744,-0.5827731586685758,-0.14791107036158344,0.7243778876415095
164,341.0,19.960148368074723,60.000000013727295,4.713945613122952,2508.655077282078,6.0,42.21012334813261,0.31341093922222313,-0.7118050297511813,No,0.7606727896870689,-0.5377530270683136,-0.17405200268286775,0.8753177993408794
165,202.0,10.958618165232284,60.000000061567704,4.1244742639012175,1965.1903710690017,5.415450250082182,41.458493401651005,0.3037211318592017,-0.5212830050833778,No,0.8135835202143684,-0.3385333305414581,-0.18274967454191965,0.8628239701662732
166,374.0,23.421961448380483,60.00000005868305,5.405653035991235,2003.7853538742531,6.0,44.84612921984771,0.2081790717137617,-0.7366757854182711,No,0.685421563060247,-0.5921414001900089,-0.14453438522826215,0.925833524152589
167,384.0,13.185704219431754,60.00000002424581,9.649883750277265,1973.580328432685,6.0,46.60162687892556,0.3361164653705362,-0.500220681041468,No,0.6742422768217765,-0.3745342958093712,-0.1256863852320968,0.9326824638269384
168,229.0,20.69318735645388,60.0000000669834,2.1555986335425,2293.87930019306,6.0,41.702394519339386,0.23053992977181592,-0.7303603145118494,No,0.8184613905370137,-0.5504470919956047,-0.1799132225162447,0.8067673576746534
169,374.0,7.788135598787839,60.00000005310415,3.1522464103037953,2241.0479799878613,3.2258787260435153,42.50968564251079,0.39669864761365414,-0.5848439835893311,No,0.7139631831904392,-0.4142228925977161,-0.17062109099161493,0.7764413699622388
170,337.0,8.165340394522413,60.00000006379446,2.7235784764556112,2090.4311665730615,2.909939364532325,41.24588259073397,0.3912893439721461,-0.6597497073555416,No,0.7223402215142838,-0.4745163232281756,-0.18523338412736604,0.7487602257752234
171,392.0,15.086505337939865,60.00000000524911,1.2871442079183966,2149.9108404345434,6.0,43.550128007601145,0.20070888787000407,-0.5897746800848771,No,0.691570613914226,-0.4309156587265782,-0.15885902135829894,0.730203353492167
172,268.0,24.97365599750413,60.00000004133014,1.6603922329486107,2475.943477450737,6.0,41.33664298931228,0.24362428022534835,-0.7967458389697837,No,0.8046606993166013,-0.6125739886512924,-0.1841718503184913,0.7440943620607247
173,396.0,12.751368319736823,60.000000071735805,6.8919429452101015,2090.0313764122357,3.1865539105709377,43.87392843985853,0.24356155035154428,-0.7553758936618333,No,0.6814199500800387,-0.6001293186747586,-0.15524657498707478,0.9317324933358133
174,364.0,4.566290041186938,60.00000001005449,8.281228210602531,2292.3491759664657,1.1942839913812728,41.03315867317853,0.3190614913558125,-0.7730882571656299,No,0.7259396443108312,-0.5853593809820962,-0.18772887618353373,0.9258021526221006
175,287.0,13.925933864892968,60.000000077076606,6.999092034047057,2154.7954460091837,3.5826556815678976,42.58388869720538,0.3958067489950949,-0.7605288407043929,No,0.7649270740765232,-0.5907545068595106,-0.1697743338448823,0.8929514086378703
176,228.0,9.28297460063218,60.00000000051814,0.49926510027576754,2094.0866343661473,4.406146204938827,44.486690572891014,0.21520635187362644,-0.5047274105254415,No,0.8036248978606808,-0.35625577894737026,-0.14847163157807117,0.3975788641345815
177,275.0,14.246018009699464,60.00000005503526,8.375655034781065,1926.706641658307,6.0,42.60061719350426,0.22019761935269797,-0.5768744642480584,No,0.7501937862231525,-0.40729085619448535,-0.16958360805357306,0.9487665440037983
178,311.0,14.042321511008153,60.00000009290997,3.3451572229594406,2073.0074923655648,6.0,43.44179365909161,0.3370891085120901,-0.5613396567500695,No,0.7390947796968491,-0.4012669643379857,-0.1600726924120838,0.8169111579358246
179,240.0,11.928270804796025,60.00000004069074,1.0030077475343513,1845.6683976132342,5.744359140733181,41.001514202874574,0.37544485463651656,-0.5380156241596787,No,0.7698579503101762,-0.3499146240895086,-0.18810100007017014,0.4552662107565483
180,316.0,8.722656405496899,60.00000009350321,2.5573660156664255,2059.4729643342484,4.112791389886011,40.54370050700827,0.2537557665818742,-0.5526619621166678,No,0.7339477192588784,-0.35915108604696444,-0.19351087606970344,0.8194629857843272
181,200.0,5.52765696897053,60.000000087839965,3.621853279492409,1983.868079391799,2.0087273333947673,40.94863390590631,0.3066910015652395,-0.6556488183052546,No,0.8168387533227744,-0.46692545050699513,-0.1887233677982594,0.8438653202693841
182,384.0,17.739962262893712,60.000000047744855,5.183250786249423,2157.7755568558096,6.0,45.3554264164278,0.21678332703416192,-0.6335248140461263,No,0.6978490103390481,-0.4945232066035603,-0.139001607442566,0.919710386087786
183,384.0,14.723143407637627,60.000000019945595,6.8041154321918125,2156.242315436498,3.9917165177465352,44.397764526968004,0.3466162706848692,-0.7228673306663647,No,0.6976666378112704,-0.5734174304631247,-0.14944990020324006,0.9030543208479132
184,267.0,6.605498705389435,60.0000000963914,2.6756512479401167,1895.8081388624114,2.6907414124577484,42.01761988184408,0.3663351300007288,-0.5973792910066933,No,0.7530987652557697,-0.42111189505701613,-0.17626739594967716,0.7591474224492056
185,328.0,19.613067402382214,60.00000003211677,9.907698542038283,2114.1889228573664,6.0,43.30693436206842,0.3444796295974637,-0.6930762272514508,No,0.7313885122235021,-0.5314891492112379,-0.16158707804021288,0.9327987430904155
186,395.0,2.047535178335246,60.00000006458979,0.4077127242517196,2009.2542055664605,0.5243303066422926,40.0,0.4113433546503362,-0.7966895204070287,No,0.6714157770127015,-0.592256819258281,-0.20000000051671835,-0.00443270063202933
187,245.0,18.8729236375647,60.0000000907937,4.10348304182703,1902.5074834478785,6.0,46.89371378506299,0.4046067148851674,-0.6401581179943373,No,0.7718285017506471,-0.5175476685066156,-0.12261044948772172,0.8204974893045378
188,329.0,17.92546914460006,60.000000008946074,4.576791577070521,1778.2794100389228,6.0,44.214099331209944,0.40736519748991573,-0.6499181084119487,No,0.6877490489085896,-0.498442436907935,-0.15147567150401375,0.8365359614813312
189,227.0,20.473813661557045,60.00000005741334,7.505976627366222,2100.097184386171,6.0,40.73550861236807,0.4174656766341095,-0.73796023822866,No,0.8049071594232736,-0.5467218983479758,-0.1912383398806842,0.8946251741056176
190,360.0,10.265890059783576,60.00000005351523,2.573541019393356,2131.7705559619626,4.175870390106448,43.444917493154925,0.20766427459522646,-0.5817327638083785,No,0.7110488370298446,-0.4216951036411564,-0.16003766016722207,0.850665986402312
191,276.0,16.928531907628834,60.00000007231177,4.6742281638747665,2110.1818139680395,6.0,40.0,0.39420890499168526,-0.6766346124959134,No,0.7686680885887459,-0.47663461191741924,-0.20000000057849418,0.8444455757720005
192,363.0,20.697941241029323,60.00000009366694,8.058577859094116,2352.9643871770845,6.0,40.27901664317213,0.3544595454815076,-0.7471882572876098,No,0.732691634902257,-0.5505271402141513,-0.1966611170734585,0.9157356544525224
193,329.0,24.53963532783484,60.000000091322974,1.4839510888039116,2043.3522264941578,6.0,40.42108715947886,0.3887357859170927,-0.8020361429516992,No,0.7226381510082983,-0.6070679996279196,-0.19496814332377968,0.5848363213684539
194,355.0,12.887887590794165,60.00000001750648,0.21837353937718865,2169.602124754755,3.4405553295803926,43.766690080150774,0.3216581883410627,-0.9262784352020692,No,0.7187675661688787,-0.5785813324199721,-0.15644047162030666,-0.19125663116179042
195,250.0,1.8884706722938283,60.000000088224496,8.320686085756897,2084.1693541540094,0.6167025880477933,44.28797466400951,0.25280849480507805,-0.6583167293422142,No,0.7857910356375067,-0.5076567375114839,-0.1506599918307303,0.9410255660793787
196,239.0,13.054987603191183,60.00000001757887,9.827415651087854,2121.464395369813,3.7919497635269477,40.82896394014105,0.3867535308574419,-0.7399693373001542,No,0.7974974750995505,-0.5498351206530735,-0.19013421664708077,0.9242711719439555
197,295.0,15.16433030342961,60.000000091963486,1.394080851685382,2200.949799121886,6.0,43.81357577440651,0.21801887414803944,-0.5889264668603934,No,0.7636170406121264,-0.4330082819556337,-0.1559181849047597,0.7295218519619456
198,395.0,21.872807520693172,60.000000099717184,8.254366810364722,1829.1504394682195,6.0,44.629166548833204,0.4155275034030166,-0.7163805955755058,No,0.6448081991302332,-0.5694728637905949,-0.14690773178491084,0.9041447361721212
199,241.0,21.9805689773034,60.00000003969946,3.785173463778377,1899.2942856184877,6.0,41.81388593366567,0.28119204486137844,-0.7497521082268497,No,0.7747973242564095,-0.5711309512778718,-0.1786211569489779,0.8616985884500873
200,338.0,11.567349034496251,60.00000004953839,6.339945731177862,2140.118384988694,5.254966991055702,41.96517282989404,0.22203247032447115,-0.552111007208105,No,0.7272123865853631,-0.3752385839055972,-0.17687242330250774,0.9323275806452274
201,399.0,13.622826083381474,60.00000009366087,6.4823816555141685,2196.3880603226266,5.626642678378249,40.776584709718826,0.28487832028711596,-0.6061504111596347,No,0.6925315284448051,-0.415397614550701,-0.19075279660893368,0.9158068933938408
202,335.0,11.966273787381812,60.00000009621314,5.865005633999226,2218.195604289389,4.363668148608615,41.76535256726788,0.327488015580743,-0.6447455779741753,No,0.7375837562643478,-0.4655623191174618,-0.17918325885671352,0.8942306495209871
203,200.0,18.338651861695425,60.00000009260397,2.662324458230606,2268.7890568710914,6.0,44.49719280071068,0.23661105456942358,-0.6553132873641012,No,0.8379772468260394,-0.5069570792914048,-0.1483562080726965,0.8367600427641902
204,353.0,10.839486873912746,60.000000087674316,8.146196206974782,1986.3206768222406,2.945741142290688,40.905375393860766,0.24428653223680727,-0.7618564936714526,No,0.6982029838854592,-0.5726235157186802,-0.1892329779527724,0.9417705655730217
205,282.0,16.71475183426561,60.00000000092672,0.31582180911226604,2146.2524669919503,6.0,40.0,0.3411229458506998,-0.7102222943230089,No,0.7677342007609831,-0.47170895427095155,-0.20000000000741375,-0.03851334004464358
206,325.0,4.704669250517172,60.00000005679619,0.7382731568644068,2257.701625070965,1.6476189715510152,40.0,0.2377393503482692,-0.6812518221752105,No,0.7483255542605933,-0.48125182172084097,-0.20000000045436953,0.5128354430063362
207,204.0,12.267774423633567,60.00000001073007,9.034711211139486,2313.6810273683923,4.31627704592816,42.88115044820036,0.2776019626515777,-0.6458609378783163,No,0.8379461116937191,-0.47946651590532857,-0.16639442197298776,0.9403795904474367
208,228.0,24.260887133781214,60.00000009829939,4.4899701059762895,2195.087917590451,6.0,40.78145470911304,0.41606250848130977,-0.7941437627294434,No,0.8118103777045563,-0.6034485060881111,-0.1906952566413323,0.8303873858256816
209,292.0,9.12546961723436,60.000000028456164,1.3750363350703447,2285.358534708112,3.3424810471207844,40.0,0.42396919138920064,-0.6638283169891737,No,0.7734114240857303,-0.4638283167615243,-0.20000000022764933,0.5286627137565555
210,278.0,17.62491036608517,60.00000009890995,9.060271906763512,2001.1601568370716,6.0,40.0,0.3189072569857674,-0.6920615657220552,No,0.756050491523336,-0.4920615649307756,-0.2000000007912796,0.9319967661523408
211,261.0,16.596079661902543,60.00000005433005,8.31062615445244,2154.470229980392,4.751422293729754,42.641047237538686,0.32613725037523933,-0.7239727203975683,No,0.7838930103459659,-0.5548498083190343,-0.16912291207853397,0.9244769747442799
212,214.0,21.442367016416593,60.00000004939124,3.38234392339754,2386.250017903541,6.0,43.782611278597436,0.33068700881638635,-0.7189829995627047,No,0.8354004433984866,-0.562719936191315,-0.15626306337138973,0.8218775901125006
213,261.0,21.45619207758143,60.00000009385605,0.522693558995265,2217.9951654394936,6.0,40.02952847642141,0.39730673289091617,-0.7625858841695663,No,0.7894308116137628,-0.5629401205348408,-0.19964576363472555,0.13628998513389737
214,345.0,21.624212420038397,60.000000085105974,4.663849727819213,2348.9963928552897,6.0,43.42888531768883,0.27103674346952844,-0.7258159491715226,No,0.7438749354565064,-0.5655984750792283,-0.1602174740922942,0.8901548211710949
215,220.0,10.120225540543721,60.00000004680208,1.7630931664176588,2067.2465781459446,4.8491270348739794,42.91711179885831,0.23535709514607944,-0.5181128775360826,No,0.8076289613004181,-0.3521260174154632,-0.1659868601206194,0.764460392462389
216,221.0,8.599867694401592,60.00000001928114,5.781453578086556,2348.5291872920743,3.5075032058283053,40.7274624479533,0.3487603070378937,-0.6119338504993398,No,0.8279840516363987,-0.42060035415918345,-0.19133349634015637,0.886215941703374
217,387.0,18.249218205351593,60.000000011264675,8.23468547516961,2274.3177016592285,6.0,44.90166653172609,0.4072397432236161,-0.6490671278481008,No,0.7091666284271732,-0.505138685363815,-0.14392844248428585,0.9057525417237217
218,324.0,19.225643424024728,60.00000001624942,4.010487013397003,1862.3488844528783,6.0,40.629530034631664,0.3058515915805259,-0.7167864999996612,No,0.7036154638411434,-0.5242936008295715,-0.19249289917008966,0.858281928471588
219,217.0,21.937192417564873,60.00000004589145,0.3918747007028857,1997.411598926451,6.0,42.46984024515169,0.2566357616334718,-0.7415413565673047,No,0.8040111421876567,-0.5704650696232714,-0.1710762869440333,0.20853779071226558
220,394.0,1.8615783961044778,60.000000025726486,6.863807875841661,2042.1700367281755,1.0542427776638528,41.405001105753854,0.39271868009077526,-0.4602546348617046,No,0.676541461343027,-0.2768810466511723,-0.18337358821053226,0.8917612504925747
221,336.0,2.6420979323572347,60.00000001861991,1.810791397124813,2329.6496671060063,0.3,41.12901499330639,0.29417996770563115,-0.982666966111098,No,0.7479038568749491,-0.796063892570947,-0.186603073540151,0.7204902901571516
222,396.0,16.147864404511374,60.00000007366179,2.225689449103264,2013.3060308599104,5.074942624445684,40.858691161809205,0.24138479143601466,-0.7115297701236257,No,0.6712746368225685,-0.5217463347311905,-0.18978343539243525,0.8043149351004125
223,232.0,23.102298370727123,60.00000007907677,1.9527960257405006,1936.278795019971,6.0,40.0,0.38713412952385906,-0.7876614338591275,No,0.7860053785215724,-0.5876614332265133,-0.20000000063261417,0.6691062520367225
224,232.0,24.93822215094917,60.00000005677812,2.870560087379166,2168.962053247776,6.0,43.486730308754076,0.3172539012580632,-0.7716992240366805,No,0.806744134347168,-0.6121302658746393,-0.15956895816204117,0.8009583354681951
225,368.0,18.92239280171025,60.00000007572827,8.845895609046899,2210.6717614745007,6.0,43.32638773729258,0.2954681085476776,-0.6798736869080111,No,0.7145817428197412,-0.5185053018193131,-0.16136838508869794,0.9353557920512486
226,321.0,11.415315326155016,60.00000001754949,0.4430294929419085,2151.5930610221317,5.200589677712241,43.03231574950344,0.2345996336508578,-0.5387058299154018,No,0.7403535542825607,-0.37402269975642816,-0.16468313015897365,0.3075869249290851
227,340.0,3.362635033196751,60.00000008561465,6.229847833574369,2113.4834159391226,2.151979962613175,45.419053263375204,0.4127915120211947,-0.35784988819313274,No,0.7228430420265484,-0.21953573758158046,-0.13831415061155228,0.8757146096468723
228,242.0,16.20994789073899,60.00000008970428,2.53326931452793,2352.2444535194036,5.458456215649031,42.84090543855575,0.23683716399790106,-0.6630337749210184,No,0.8134331560993043,-0.4961829040247746,-0.16685087089624387,0.8290050105771105
229,267.0,21.941901582570175,60.00000008269898,3.021541113697193,1778.2794100389228,6.0,41.434408532516876,0.2133142217927686,-0.7535679710299099,No,0.7389109784321167,-0.570537460933387,-0.183030510096523,0.8681151398317728
230,335.0,11.648285239880938,60.00000005152807,4.178722842332035,2150.496127105655,4.75272844835451,47.678258019750174,0.2070468863820375,-0.5348658975670305,No,0.7304361118517569,-0.42043479278800033,-0.11443110477903021,0.9055824180524205
231,355.0,17.65602790703763,60.00000000867378,5.5518177855194075,2479.4830744995097,6.0,44.81560874990812,0.4074403957882056,-0.6375973689687675,No,0.7495134099097184,-0.49272971577658564,-0.1448676531921818,0.8632580152119527
232,308.0,22.682177489211664,60.00000006692559,0.7036927824351435,2238.851198025559,6.0,44.08614065318424,0.20131279957640447,-0.7345129657568277,No,0.7581327089397477,-0.5816217229492564,-0.15289124280757133,0.555112579241891
233,254.0,2.103783248253106,60.00000001847812,2.8697822756458167,2249.1780220581377,1.163063276460107,41.94358071423506,0.2277967150810596,-0.46508133692048786,No,0.7970579816842921,-0.28795964691839393,-0.17712169000209393,0.8529195118103479
234,338.0,20.10744316389308,60.000000014061186,1.4586365696074417,1890.1708690154817,6.0,42.11255173107142,0.3984747771598595,-0.715534809033348,No,0.6966121362592398,-0.540360964317021,-0.17517384471632702,0.5708660357350247
235,393.0,8.040826623165012,60.00000003236017,2.0746322859992077,2024.459799362922,4.232360712647741,44.97490131624139,0.2604845336052483,-0.45343820355876013,No,0.6748653275611299,-0.31030781216907644,-0.1431303913896837,0.7768980708645046
236,386.0,9.996186154607557,60.000000024804706,8.858059910627153,2137.78001313636,2.555505110689444,41.631597804681206,0.30414189880213494,-0.7735382156702715,No,0.6941096307991529,-0.5928030642762986,-0.18073515139397286,0.9336094303251153
237,376.0,4.493675096785562,60.00000002607853,5.30555917670252,2071.704067622623,2.3283577243504525,40.0,0.44708287139911684,-0.5174006092655835,No,0.6927733176787202,-0.3174006090569553,-0.20000000020862824,0.8445643349053317
238,251.0,13.74799163557024,60.000000023552126,6.344468449365079,2076.0685565265117,5.461402842666322,44.24589877605176,0.44525985563789006,-0.58250651531293,No,0.7842779497870453,-0.4313820928760808,-0.15112442243684918,0.8688431007438683
239,382.0,14.582273485982483,60.00000007537567,8.041464019434162,2112.6812995081896,6.0,40.76781577030313,0.3928753435274648,-0.6078304454861624,No,0.6937484559047211,-0.41697402824947516,-0.19085641723668723,0.9068390951275381
240,279.0,20.020467373142875,60.000000095403486,7.968977818588515,1858.0212211579158,6.0,42.799241160733516,0.403377216389022,-0.7061483715340455,No,0.7388888821152393,-0.5388245788242126,-0.16732379270983289,0.9036406806200129
241,302.0,5.079607577634336,60.000000030194585,9.895095796039186,2272.61490068045,2.442622860175023,40.700436784271666,0.21577513425805614,-0.5422121080591774,No,0.765401808309131,-0.35055888532806795,-0.1916532227311095,0.9573181903427359
242,371.0,2.8952404158398712,60.00000007228825,7.840966091769708,1867.1950179732992,1.1567291594437876,40.0,0.24986745842879707,-0.6290533841477961,No,0.6684828649686272,-0.42905338356949013,-0.200000000578306,0.9382344336022914
243,366.0,21.900150367476517,60.000000001143576,3.655209887391894,2599.5079487196326,6.0,43.46158377884855,0.3883227297047162,-0.7297455842737963,No,0.7531620172132591,-0.5698947911768777,-0.15985079309691858,0.8079289737578302
244,295.0,15.87304884489797,60.00000006536834,5.490726279737112,2074.1211921751888,4.552805156565774,46.92160069250276,0.2829811715953361,-0.6765291787035783,No,0.750962507976092,-0.5542115246452349,-0.1223176540583434,0.901975923102917
245,312.0,6.779915004551513,60.00000006927686,4.898326905861032,2250.017967277915,3.706725816001396,45.01960954200654,0.44343089607882724,-0.4357012886414495,No,0.7564419891001055,-0.2930575425570915,-0.14264374608435804,0.8339756639966733
246,332.0,22.907896384565316,60.00000000621243,9.135502464323833,1998.4278170494788,6.0,42.1863630729434,0.4002870218504434,-0.759213500026105,No,0.7150737752346773,-0.5848885079577387,-0.17432499206836624,0.9160453316569518
247,315.0,4.434825283084232,60.000000011822486,5.073693229883044,2102.1917858924908,1.7898473524869665,42.24486648723117,0.2200172277687488,-0.5985714549664995,No,0.7393669779630715,-0.42491839899859285,-0.17365305596790673,0.916875987257397
248,230.0,12.06759792051994,60.00000003068063,3.9449746182360736,2065.7399833193676,5.267953136833067,44.10445186934673,0.37244120211137155,-0.5449254713777926,No,0.7996288763787202,-0.3922370140522733,-0.15268845732551925,0.8274703120528245
249,263.0,7.095456145925015,60.000000040541664,1.8801771496089055,2079.651731436349,3.6967546599557743,42.71767215740612,0.44500681979856976,-0.48317248471347396,No,0.7754681189092099,-0.3149217103985082,-0.16825077431496574,0.6172287219819682
250,257.0,7.127840995819697,60.00000005025205,3.2568879165608577,2111.6775390274697,4.189666206891552,42.474047670386824,0.40027399389054247,-0.43064145106009716,No,0.7830012774929939,-0.25961324665419866,-0.1710282044058985,0.7811013000290505
251,216.0,1.225538354916905,60.000000089511836,2.268299861923636,1916.829867673853,0.3,42.74948874567155,0.21680834076552719,-0.7745852444811204,No,0.7974521988145468,-0.6066962209988607,-0.16788902348225973,0.825513963109601
252,286.0,20.311193847403512,60.0000000703557,8.968071337981707,2063.285031533227,6.0,43.86653385933875,0.35127370721369633,-0.6992491736393633,No,0.7565216683704435,-0.5439203530787636,-0.1553288205605997,0.9246140784550528
253,205.0,22.629026166373194,60.0000000310978,7.807528985151897,1918.4690563801691,6.0,41.38286309565419,0.29950851148811247,-0.764476971506688,No,0.8069197199892717,-0.5808449812346448,-0.18363199027204324,0.9261114774386464
254,350.0,17.262661256777903,60.00000001174158,0.6800531797533734,2009.0868856483849,6.0,44.395539752508725,0.3247609900641167,-0.6336262793212489,No,0.7032750237990458,-0.4841518832457902,-0.14947439607545873,0.3535899476355816
255,341.0,4.791414929722887,60.00000009161304,9.916160101962651,1932.1564460350392,1.8253177174574666,40.0,0.27139421942453945,-0.6482721873882604,No,0.6999766552849538,-0.4482721866553561,-0.20000000073290433,0.9467204373369986
256,258.0,11.601514806491547,60.00000002950376,5.3413796904577735,2341.015824675633,5.9369152683266435,44.173495507358524,0.3130106713113493,-0.47490661571388254,No,0.8014633096493752,-0.32298213203804244,-0.1519244836758401,0.8892857934154318
257,350.0,9.29357498663396,60.00000006146254,7.691737467657703,2290.3904133640062,2.3745959246785917,44.082848898897865,0.2868563236846411,-0.7459065967177211,No,0.7348876906774705,-0.5929788922827025,-0.1529277044350186,0.9280935134218985
258,256.0,15.101720923034115,60.00000002191286,9.996096893432325,1977.1163740342242,3.459634959913894,43.00467372769531,0.37795227600180314,-0.7922174226134672,No,0.770723995420333,-0.6272217415870788,-0.16499568102638837,0.9271350521230624
259,201.0,16.334528856640294,60.00000001335688,9.742400631161672,2377.7113577215227,6.0,43.021291009264196,0.23471921800959142,-0.6275230962424948,No,0.8441081826408071,-0.4627153284931608,-0.164807767749334,0.9529485018606673
260,218.0,11.183414523061543,60.000000015318555,1.0913299393190803,2205.510456952687,5.823631608338479,41.631304971085264,0.4009154315721466,-0.4958892781909029,No,0.8200956803181181,-0.31515072478267253,-0.18073855340823033,0.46266821878937464
261,381.0,7.00235738578483,60.00000007477348,6.60295777162472,1874.2806025261432,1.800089881759806,44.04187512333573,0.331423913707575,-0.7443841554680077,No,0.6621263007598776,-0.5910024048887201,-0.15338175057928757,0.9044114014062399
262,361.0,21.287294203422366,60.000000060573896,2.738617310550262,2112.7001489687277,6.0,44.13306037947527,0.36058464734659534,-0.7126066667778613,No,0.7081295401542511,-0.5602348876901484,-0.1523717790877129,0.7673048402490744
263,215.0,5.781207978613416,60.00000004158456,8.181223099926475,1851.6807343000933,2.1828523140234766,44.807949350117404,0.24549078413803432,-0.5967755828128883,No,0.7919369001397186,-0.4518242620434165,-0.14495132076947181,0.9417351087231585
264,258.0,10.232637975216292,60.000000054923454,9.180868877447361,1857.242546088197,4.923173472687763,41.13862415405317,0.23104028015975303,-0.5368156553819079,No,0.7560563440092204,-0.35032532047386955,-0.18649033490803835,0.9509046939806008
265,217.0,12.596993465421187,60.00000004708281,0.6534956929392527,2181.3890904052087,4.5161806779604845,40.556944507082946,0.4237314792052811,-0.6655520439128783,No,0.8190452075786103,-0.47219836131836873,-0.19335368259450955,0.2132922559654331
266,208.0,6.692936846261791,60.00000005375177,9.964281280213925,2531.2936800166144,3.3701484336929215,45.144766505087,0.23129257378172566,-0.4714794147623984,No,0.8481360348345429,-0.3301957918599516,-0.14128362290244675,0.954628826764649
267,284.0,14.726144616417734,60.00000006640944,2.2721747018348557,2036.5960826738046,6.0,41.09224625850873,0.36468321834593853,-0.6080557787332515,No,0.7552353017223286,-0.421021119842304,-0.1870346588909475,0.7233956251075262
268,218.0,14.79548632428748,60.00000002184116,8.480400395604818,2073.461288578747,6.0,40.02209972145841,0.406309066831658,-0.6226865636076984,No,0.8097284024944519,-0.4229517014956774,-0.199734862112021,0.9085580397223292
269,331.0,24.82460904704554,60.00000002474654,7.994167805056147,2172.7441646510156,6.0,40.473850280540084,0.30414669591581156,-0.8050412724801237,No,0.7355959888608375,-0.6107006586300835,-0.19434061385004026,0.9266967536889117
270,260.0,8.085538093198464,60.000000075473956,3.612565882195083,1859.8763803096676,3.149977358984,40.772661689351494,0.4391625424886012,-0.6300812439175555,No,0.7547026775570567,-0.43928209214965275,-0.19079915176790277,0.7832221232730392
271,271.0,24.4706676298447,60.00000008731351,8.408300297828502,1791.112557213168,6.0,41.41502919651353,0.30990137498010273,-0.7894352070348458,No,0.7371627469586417,-0.6061786323235492,-0.18325657471129658,0.9289070414724035
272,371.0,16.797515582288337,60.00000000818703,8.467686933426181,2143.9931066907357,6.0,43.49443444754799,0.37959072127810933,-0.6331094932212377,No,0.7049693702833506,-0.47362685391372455,-0.15948263930751308,0.9141903902888652
273,324.0,7.587529124277466,60.0000000446748,1.8433936390419015,2075.521830435074,3.524282456548849,40.0,0.2797789716007893,-0.5656691478382504,No,0.7299461952040226,-0.365669147480852,-0.20000000035739837,0.7364519773867096
274,254.0,14.582296406936775,60.000000070376615,5.965943140895987,2303.189191256324,5.661436134937518,41.08151343340692,0.2725530012424754,-0.6278333978833549,No,0.8013443816605434,-0.4406726997378768,-0.1871606981454781,0.9126222105351663
275,338.0,17.459187825616294,60.00000000781027,8.081481231057944,1921.844578106741,5.94109008656024,45.14918478266694,0.3444217594733991,-0.6334562199828032,No,0.7008643839717767,-0.49222055320387936,-0.14123566677892385,0.9182469202741962
276,233.0,18.872052187967803,60.00000005641687,7.006502979635842,2264.8792313018494,6.0,40.0,0.3246899270994135,-0.7175307651300468,No,0.8134417412337709,-0.5175307646787117,-0.200000000451335,0.9114223479780168
277,385.0,2.177062018623998,60.0000000061758,9.14840204087249,2098.3848982459967,1.2222371016535631,43.39441820058158,0.2882237722140888,-0.4414929991911748,No,0.6899393241281899,-0.28088876064912793,-0.1606042385420469,0.9389138071333963
278,346.0,15.553755833835389,60.000000054764925,0.3792450402988748,2085.521092401511,3.503948410997615,43.05827398953264,0.3176467133420489,-0.7966698854980823,No,0.7154044839822711,-0.6322801145423779,-0.16438977095570437,0.0883900930596528
279,347.0,12.921454876572888,60.00000005054871,7.035551953179041,1778.2794100389228,4.76796050985904,43.816119784262824,0.29148433812939073,-0.6168148916115285,No,0.6734547011927764,-0.46092503277229335,-0.1558898588392351,0.9204359507608393
280,321.0,22.69972698144941,60.00000005727017,9.48083147719315,1810.1606881870305,6.0,41.756901987765644,0.21838293743571044,-0.76115874144257,No,0.6987557045517077,-0.5818775555685105,-0.17928118587405945,0.9549689432359938
281,262.0,7.868659635020668,60.00000001498524,5.679704219153619,1807.2129013197193,2.613835046902461,44.50852745503859,0.44377070385344597,-0.6495268909993352,No,0.7467636125476509,-0.5012952305313407,-0.14823166046799452,0.855059191249036
282,400.0,20.17264286818237,60.00000003281176,5.6747780195537825,2026.6325625095574,6.0,42.88545949306517,0.3887412930731985,-0.7078515605369193,No,0.670325037107117,-0.5415059892714085,-0.16634557126551083,0.8717770083576172
283,321.0,15.569559955942383,60.00000005203415,1.9635132825620372,2187.8322071382504,6.0,40.44484688328655,0.31843603759879746,-0.6383458958997765,No,0.7441040504130365,-0.4436604166004779,-0.19468547929929866,0.7209087556980855
284,304.0,9.455702940047598,60.000000011624,9.881261483005968,2250.6464433591636,3.376659443410836,40.0,0.35326703026616946,-0.6737275426125952,No,0.7620022913227371,-0.47372754251960314,-0.20000000009299204,0.9309656463787165
285,248.0,16.278829072141406,60.00000002054015,8.828100962987827,2448.2913228392986,6.0,40.0,0.33308495746896905,-0.6613720515794731,No,0.8160436167269592,-0.4613720514151519,-0.2000000001643212,0.9272834411699482
286,224.0,15.9013879151273,60.00000005831477,4.973044566564512,2450.7512428809337,6.0,44.71013744725954,0.3684515981182541,-0.5981103620036841,No,0.8325077888299377,-0.45208951841305023,-0.14602084359063383,0.862041799990645
287,224.0,17.266347006960626,60.000000009094165,3.1596254142970737,2385.251199785346,6.0,43.17552965822971,0.3186475535212651,-0.6473000806750604,No,0.8283032311964232,-0.48423360158730794,-0.16306647908775246,0.8167782940157632
288,368.0,18.302281040097018,60.00000005103754,4.955320559262045,2072.043734431024,6.0,40.0,0.3803500280740767,-0.7062191911006941,No,0.6983660622084619,-0.5062191906923937,-0.2000000004083003,0.857431218120244
289,310.0,16.820356967602088,60.000000080869206,0.9935480308239384,2012.9488004587004,6.0,43.33144137818488,0.37018172376266967,-0.6354652980719958,No,0.7330978625626309,-0.4741537120985302,-0.1613115859734656,0.4571039863027934
290,290.0,21.120090807100397,60.00000004534323,2.402971245024067,2022.9729628435703,5.617214427390454,40.0,0.2784231208614638,-0.7798219474044166,No,0.7492404756487306,-0.5798219470416708,-0.20000000036274582,0.7923295995518251
291,308.0,16.07795448848556,60.00000005132478,2.266208522746615,2293.8307582005405,6.0,47.2154781449824,0.3839593178171703,-0.5757127692068122,No,0.7632436321776619,-0.4564713861395797,-0.11924138306723256,0.7102377351802077
292,305.0,22.68168889775123,60.00000004567985,5.311840290070259,1932.4080361406131,6.0,41.99028098369514,0.36555669992858725,-0.7581972945586144,No,0.7273630959812716,-0.5816145958914974,-0.176582698667117,0.8712238370603493
293,319.0,16.512174613372547,60.00000000577368,0.10676661419992499,1953.1372707858086,4.944433494043233,43.44743448486279,0.39299744603718517,-1.2718639015513382,No,0.7192071059248324,-0.5391225426413646,-0.16000943476668958,-0.5727319241432839
294,386.0,8.414389214863267,60.00000004623783,9.1871722406144,2271.390392501441,3.636882782041303,40.25091797827656,0.24806604228417833,-0.5934282364949357,No,0.7094894291112023,-0.39643171559392987,-0.1969965209010058,0.9474171112914448
295,213.0,11.579756563907479,60.000000080691535,2.094497395186197,2118.936547434971,4.059418988150855,44.350607942530594,0.25181944871366,-0.6308346899239663,No,0.8173192145950191,-0.48086534681598625,-0.1499693431079801,0.7853491531901494
296,372.0,14.909771328841666,60.00000007232801,1.3918465016299078,2272.846556781202,6.0,46.292717995307775,0.39885133900058334,-0.5550634979320567,No,0.7186982367304311,-0.42610563208561114,-0.12895786584644553,0.5545297146724085
297,367.0,18.57663443054172,60.00000003959487,7.197682563639081,2098.964694082832,6.0,44.94363113121544,0.4386522158478653,-0.6552023661180821,No,0.7023477255123488,-0.5117313546769676,-0.14347101144111457,0.8851144617110838
298,365.0,3.1632010179092545,60.000000081645325,9.195929794341339,2069.2549168726096,1.4922220667126946,44.87912607650485,0.2865908785239041,-0.5031060006180503,No,0.7001135768730984,-0.35893170627525345,-0.14417429434279688,0.9395538615920975
299,225.0,8.082650839099726,60.00000007458045,8.458412455732741,1977.8964576838196,3.264133539442357,40.0,0.3740428251617056,-0.6246592819318625,No,0.79572349012121,-0.4246592813352189,-0.2000000005966436,0.9153026393531138
300,215.0,18.939540758520916,60.00000005783113,3.303529231917888,2007.5903939319392,5.216775220928613,40.0,0.367458491223276,-0.7680818863456891,No,0.8065320532411301,-0.56808188588304,-0.20000000046264904,0.7998040206416971
301,303.0,5.215361690663359,60.00000000452898,0.3169376728113657,1858.073743656963,1.3030903919969776,41.292293435919056,0.39269151452456974,-0.8916257299053193,No,0.7195838403114702,-0.600184100313228,-0.1846903247344142,-0.106751304857677
302,386.0,4.171835145922805,60.00000003445289,5.907430833402974,2027.5496405771248,0.39350510008460404,40.00987827050298,0.4337580246490379,-1.0274934013654105,No,0.6801391663875618,-0.8276119286273388,-0.19988147273807175,0.8631934691242468
303,286.0,13.945786215626105,60.00000000637599,9.180519060063075,2279.848247735167,4.084447440960004,43.537331315987174,0.4269842396839056,-0.7059357491102103,No,0.7770717732411123,-0.5469334986163054,-0.15900225049390493,0.9111144224753687
304,227.0,24.315749949072156,60.00000009941237,7.766228338316931,2382.160418820134,6.0,42.22685603645012,0.4341673449376565,-0.778025982879592,No,0.825997667017615,-0.6041661505930428,-0.1738598322865492,0.8941106352162403
305,263.0,13.740456968866841,60.00000009345828,8.480160787033434,2219.3125796105674,6.0,46.05127779454286,0.2992486435695749,-0.5236394292914553,No,0.7881008200496166,-0.3921113366866079,-0.1315280926048474,0.9318294366073274
306,249.0,22.923687387560726,60.000000006901914,8.620627719256353,1814.297969687873,6.0,42.57140079294473,0.4191857919794808,-0.7550318911738468,No,0.7586388358268316,-0.5851151397397254,-0.1699167514341214,0.9072578673313417
307,248.0,20.931342869617538,60.00000009337756,9.609531627730002,2380.86452993721,5.929238346694232,43.602518058156114,0.3358251208892437,-0.7167905011055937,No,0.8113253861689682,-0.5585174945437479,-0.15827300656184587,0.9324659478030555
308,337.0,7.1672820295182955,60.00000000317349,3.798548722825395,2660.7250597988086,3.3961943329673856,40.3385584048367,0.24820284956845243,-0.5529440622290857,No,0.7751628362991917,-0.35699305485675736,-0.19595100737232826,0.8773323021548226
309,314.0,20.792555501017777,60.0000000408867,9.425039813333612,2203.43105908571,6.0,41.818440126387465,0.39769191610631394,-0.7306828313154219,No,0.7505393453642065,-0.5521143923899252,-0.17856843892549665,0.9190262083785953
310,235.0,12.564347916969789,60.00000007689721,4.016396067303158,2427.502153435473,5.289752474178827,42.895691937111266,0.4242606904459938,-0.5736763493920825,No,0.8234743211780877,-0.40744676480017045,-0.16622958459191198,0.808919845153247
311,308.0,20.355723851050396,60.00000007658277,1.1002184847887948,2225.3038819990315,5.298995099203635,43.45419745922471,0.2809004175212707,-0.7468325979146277,No,0.756839278391697,-0.5868989943348286,-0.1599336035797991,0.5932277560586051
312,246.0,18.91742441720908,60.00000009783333,3.0874750218821436,2214.10161378338,6.0,44.98494799534402,0.4385087056637281,-0.6614302931615654,No,0.8000082609419717,-0.5184092946736394,-0.143020998487926,0.7512701478240028
313,271.0,9.12916609124527,60.000000064588086,1.4508715216891517,2015.829018125752,2.7688588731383166,42.670033092412794,0.22955621195099313,-0.7033611649316325,No,0.7629905884069048,-0.5345683201326572,-0.16879284479897524,0.7267883558982592
314,318.0,3.7640729787942258,60.00000004203619,1.659288471566774,2049.2270239526815,0.9937431315046866,45.694010539042154,0.375889258775564,-0.7176221013868124,No,0.7313312185250244,-0.5822692140818136,-0.1353528873049987,0.6306079285642189
315,263.0,24.109439028853064,60.000000099285664,9.492065967060602,2077.429749808034,6.0,40.0,0.23339219554920101,-0.8014538841263287,No,0.7752549504879848,-0.6014538833320434,-0.2000000007942853,0.9520038662144489
316,219.0,4.378168360141184,60.00000003824796,7.93924099749873,2025.0911982913121,1.2899184846382004,40.0,0.3373086272045912,-0.7448487226482374,No,0.8048207664940265,-0.5448487223422537,-0.2000000003059837,0.9184905202047448
317,313.0,24.19600502710605,60.00000008696203,9.61055479365051,1888.6716939517007,6.0,40.36386671709942,0.4182837646219333,-0.7982458669101052,No,0.7156705962475198,-0.6025964365409279,-0.19564943036917737,0.9165838073488769
318,340.0,21.643374325571724,60.000000090676735,6.526884629883659,2466.346457663229,5.50041701025727,40.49309320919525,0.34104218056836866,-0.7888319797738661,No,0.7576920703631803,-0.5947200638109177,-0.1941119159629484,0.9006855518467813
319,225.0,18.381201089812436,60.000000037564554,1.8246064424597537,2353.087974045392,6.0,43.48594603880719,0.33008538529619674,-0.6673952665469889,No,0.8254520386696172,-0.5078175207285361,-0.15957774581845277,0.6936124404945916
320,212.0,24.518613826765684,60.00000006827304,9.69055467369836,2258.6059142251197,6.0,42.08823594530198,0.3275938385082086,-0.7822510972398047,No,0.828382180436501,-0.6067973444627534,-0.1754537527770513,0.9345999237066502
321,366.0,24.214473935200775,60.000000066179254,6.966247943096176,2192.042158683554,6.0,43.823957666462434,0.4017288381385981,-0.7586419520430615,No,0.7138436528439744,-0.6028393535583078,-0.15580259848475378,0.89095274046961
322,338.0,20.310103456493486,60.00000005393003,9.295567568955711,2191.8666912437934,6.0,45.7145945891375,0.3445778162647588,-0.6790332703613833,No,0.732792244611257,-0.543901451400856,-0.1351318189605273,0.9285119046455381
323,203.0,9.778601185733592,60.00000006535341,7.89121874669621,2292.380455385582,2.709105970490124,45.65813666109914,0.4334438906462327,-0.7018547230075924,No,0.8372993588517685,-0.5661163516090398,-0.1357383713985526,0.8958651156139573
324,223.0,19.9763672461345,60.00000003477699,2.3100484184083605,2084.2778709202403,4.752637028506881,45.45001036225173,0.44458332123102523,-0.753602424616225,No,0.8066986184797429,-0.615622450809269,-0.13797997380695595,0.677210340073097
325,392.0,1.3340477224216285,60.00000001784736,5.930606542252727,1993.3293940136953,0.4822448040815517,44.269691434524624,0.2939113834504969,-0.6198406803779932,No,0.6713242196371061,-0.4689789259773103,-0.150861754400683,0.9055633265230603
326,260.0,13.87773539845742,60.00000005372585,1.835981136903186,1825.3208568551133,6.0,40.80393984570389,0.28694247178478755,-0.5867391631314315,No,0.7506378942642833,-0.3963095010847543,-0.19042966204667716,0.7296723531544067
327,242.0,11.914864665612992,60.00000005288425,3.1375499700497844,2221.1255805941473,5.204492636176088,43.39563664314618,0.20568383183049163,-0.5525662601449273,No,0.803501695645071,-0.39197569810261673,-0.16059056204231048,0.8769551613681266
328,304.0,17.147881164970084,60.00000007278582,6.9161345520296775,2129.5495292329283,5.647917206437713,40.0,0.4058401093439461,-0.7044773508011974,No,0.7501591840657356,-0.5044773502189109,-0.20000000058228654,0.8891446288431134
329,324.0,17.136179136424317,60.00000002226902,1.3607488107630017,2116.295921619083,5.977637182753944,44.47150301125293,0.40236954588479856,-0.6314036091036443,No,0.734458434217246,-0.48276501809923006,-0.14863859100441426,0.5435705783815673
330,323.0,15.029442199651985,60.00000000034733,7.315426463766391,2021.4651086374845,5.710318665149067,40.0,0.2515204054625535,-0.6493361131456779,No,0.7244574049662735,-0.4493361131428992,-0.20000000000277862,0.9335212973450723
331,254.0,20.73801522944258,60.00000000227353,9.493002231790749,2154.8787145474216,6.0,46.352567429004814,0.30056633770272656,-0.6795233434479419,No,0.7891135004298285,-0.5512007941866158,-0.12832254926132605,0.9386196490952283
332,302.0,23.567005402709302,60.0000000298363,9.492111782514039,2211.9937891476916,6.0,43.247633156420235,0.3259739622352336,-0.7563964380582833,No,0.759744832064692,-0.5941421920631702,-0.16225424599511304,0.9335972468137052
333,215.0,3.6003064527815365,60.00000006734999,3.9768541300482596,2027.834886548893,2.2252897221719095,40.0,0.28016627884824574,-0.4360302177586907,No,0.8082783522858198,-0.23603021721989081,-0.2000000005387999,0.8683744723127275
334,242.0,6.611725653077996,60.000000054444534,9.943402992421543,1952.1093359909112,2.5254421375060385,42.62839604663941,0.2751252384393549,-0.6164825816431817,No,0.7794093520952938,-0.44721554963485777,-0.16926703200832394,0.9461516899060961
335,297.0,1.6005915915155757,60.00000005319336,9.655321008846755,2602.391447636881,1.0956535210799692,42.985868131854886,0.32390519687325525,-0.3524829564360751,No,0.7951294225951678,-0.1872745426878223,-0.1652084137482528,0.9350841056819424
336,200.0,22.22163628515645,60.000000082336044,0.4205891549781655,1972.2201960313346,6.0,42.644193878118216,0.27968361432907807,-0.7438813935766423,No,0.8158566057295649,-0.5747943216775293,-0.16908707189911298,0.20121522187487112
337,299.0,14.473777173997092,60.0000000247512,6.063647807764616,2019.90476735507,5.338677511254705,40.0,0.27518410469878696,-0.6610786402689176,No,0.7421196383661433,-0.461078640070908,-0.20000000019800962,0.9131751374704478
338,267.0,22.966141809835825,60.00000003461597,9.218278342538987,2177.155071660822,6.0,40.0,0.44194654713665665,-0.7857232188270336,No,0.7815195908837557,-0.5857232185501058,-0.2000000002769278,0.9085018098059006
339,400.0,6.3128128017757605,60.00000002756497,9.67856368759776,2017.952526049763,1.9814372230633603,40.0,0.41178334647990295,-0.7222142529547703,No,0.6691415603155082,-0.5222142527342505,-0.2000000002205198,0.9183807365417254
340,400.0,2.5172089878446906,60.000000093741036,2.2868629793264197,1790.5157019185265,0.6681156081972226,40.0,0.3684179801586446,-0.780503909816261,No,0.6347891963069092,-0.5805039090663328,-0.2000000007499283,0.7225016969728948
341,316.0,20.77252843337074,60.000000072502395,5.698947436591173,1819.9907813510022,5.998061185823265,43.15888074322417,0.3198485516177287,-0.7151459266376071,No,0.7041185732083246,-0.5518917385724842,-0.16325418806512296,0.8937167658633631
342,273.0,22.82530332226941,60.00000001128446,9.373209156187118,1881.444300456721,6.0,43.443160095999,0.43428994080056194,-0.7437564578605707,No,0.7465703801744824,-0.5836990901417775,-0.16005736771879317,0.9114371693525922
343,308.0,8.252564188702006,60.00000008094782,1.492369344670827,2210.1332996971723,4.5024768691833925,42.000238819755666,0.25112828574447343,-0.4704760858640553,No,0.7553743481037801,-0.29400825152187504,-0.17646783434218027,0.7119258651534218
344,378.0,10.799100539089904,60.00000004192406,7.478898948209627,2395.610072811497,5.17348906093996,40.17280565892594,0.3334125318540657,-0.5501340054928835,No,0.7274310446840593,-0.3522040958304862,-0.19792990966239735,0.9146443321659911
345,387.0,4.354648300173306,60.000000076605346,2.4561596589790295,2019.558258719086,1.9393023736745452,46.57765469171506,0.3173726055056396,-0.5096963124136606,No,0.6783788644235985,-0.38375672954267404,-0.12593958287098658,0.771141940860307
346,400.0,23.710276789166713,60.000000088375664,9.825558583909533,2457.7331588194875,6.0,40.49676627311955,0.34063118186608854,-0.7901676258531855,No,0.7200578376147354,-0.5960993535955352,-0.1940682722576502,0.9329874437298387
347,342.0,8.304750024544125,60.00000000156458,1.762085425840683,2133.2070838774225,2.89164890541684,42.78086734096173,0.2381028525460358,-0.6510005173921763,No,0.7236594851172973,-0.483468046555765,-0.16753247083641135,0.761919560154526
348,369.0,12.82299085547694,60.00000002060816,8.864670508611859,2019.1103291323418,4.061091488328073,44.59043433618056,0.36365199153025546,-0.6662768207303724,No,0.6909690515562851,-0.5189443636161678,-0.1473324571142046,0.9211878450228292
349,383.0,3.3326079669237183,60.00000001008967,0.9783875244442509,2054.560502163302,1.4422777015821082,43.33748398642417,0.24205841148788523,-0.5571338412222663,No,0.6857513898341455,-0.39589016294355356,-0.16124367827871275,0.6033279240624304
350,324.0,22.294223404684054,60.00000000335763,7.118761550137723,1944.864933631188,6.0,44.720467974223546,0.4292248474235917,-0.7217929509352753,No,0.7143946339005234,-0.5758851611381063,-0.145907789797169,0.8862677210011216
351,239.0,4.255937168952077,60.00000005977849,6.427116610258303,1860.709882141488,1.0264826523503496,41.95445017559543,0.3670538858482882,-0.7883551237759018,No,0.772349502154798,-0.61135892750862,-0.17699619626728183,0.8919503459447686
352,248.0,11.887450165333421,60.000000070328625,8.877869800656436,1778.2794100389228,5.206037275927651,42.40015927607717,0.3767923909258649,-0.5627479429637364,No,0.7552163845012508,-0.3908747651621903,-0.17187317780154612,0.9185724161237175
353,275.0,17.09166925240411,60.00000000486763,4.52163634756816,2357.264161618967,6.0,41.32380528753655,0.32080103840545626,-0.6646539526092605,No,0.7910544055495844,-0.48033206829555375,-0.1843218843137068,0.867504311223652
354,255.0,18.835362916556114,60.00000007405411,2.725603161572474,1892.4440452613476,6.0,40.0,0.33235441171041263,-0.7168180136684413,No,0.7625083637800061,-0.5168180130760085,-0.20000000059243286,0.7826298084615925
355,214.0,23.70337805870637,60.00000004022654,2.57045454503926,2032.0858387091534,6.0,42.21455389781335,0.42744334149969154,-0.7700066589519537,No,0.8094462853450091,-0.5960055460263491,-0.17400111292560463,0.7148379580111908
356,348.0,11.059042081953349,60.00000002343393,0.7711683226359145,1822.379502354239,3.25991052055762,40.7976747997094,0.33161399635005406,-0.7351755833881877,No,0.6793187554319235,-0.5446719308246104,-0.1905036525635772,0.3985866645831244
357,388.0,18.81445635436758,60.00000002172692,2.640913621272877,2175.5486275027556,6.0,40.0,0.4475582579099318,-0.7164109249737904,No,0.6972946049570632,-0.5164109247999751,-0.20000000017381536,0.7101749503198629
358,338.0,4.70854965783604,60.00000008637303,1.16954255202483,2258.050694347286,1.2617484583418592,40.0,0.4145547897552968,-0.777324806324103,No,0.739604468636941,-0.5773248056331187,-0.2000000006909842,0.47660439946267247
359,215.0,10.957228658483366,60.0000000056444,0.11268345919743035,2118.687204277352,3.8533256875585176,42.57486441206612,0.2428458938052619,-1.0156374642243313,No,0.8157422300589965,-0.47965138947168207,-0.1698772471452535,-0.36610882760739566
360,391.0,3.376519233052684,60.00000005038959,3.9207772697387586,2122.772618911576,0.8696170554531863,43.808499496425654,0.41449007834091733,-0.7463707794802482,No,0.688913788734562,-0.5903960700426849,-0.15597470943756334,0.8087822295321567
361,280.0,12.744328906950749,60.000000028926344,7.3525864955378095,2319.988451975147,3.556137054972508,43.094455467252985,0.3188750719113183,-0.727657760795722,No,0.7846144279700236,-0.5636766380446553,-0.16398112275106663,0.9168671917058567
362,214.0,10.794781256744812,60.00000008157863,9.694108068546283,1833.8675618841135,3.460068748339686,46.44896977790315,0.34087746601199587,-0.641842260503447,No,0.791002109723236,-0.5145415424075974,-0.12730071809584956,0.932062190854568
363,212.0,23.83651660914543,60.000000073151746,8.857064776113551,2600.078512191498,6.0,41.914998776392856,0.37817784998733994,-0.7752600905766949,No,0.8492218484790561,-0.5978082777826087,-0.17745181279408612,0.9181011554761921
364,349.0,1.7851908845211257,60.00000003189037,4.981511735391092,1950.9763727611426,0.8177714075005673,40.99635855925596,0.40866264002293795,-0.5598226148499754,No,0.6965186215534708,-0.3716609648882674,-0.18816164996170798,0.8483675623234181
365,322.0,9.89271900962645,60.000000059791766,3.849254490265164,1818.1982411278095,3.86760851003287,47.34408361688071,0.3810408925235787,-0.5557614367537402,No,0.699093295366585,-0.4378609804879667,-0.11790045626577352,0.8198514013589355
366,328.0,11.641194065456839,60.00000006725319,5.505637280016698,2612.535025090259,4.757624377541875,41.51579242705824,0.40966866440329375,-0.6018421908740341,No,0.7769113462677207,-0.4197601011220308,-0.18208208975200327,0.8614885964470725
367,335.0,23.81332407643425,60.00000003206651,1.104142740407504,1941.3010132712548,6.0,41.45254704190804,0.2683317571571993,-0.7803144006492737,No,0.7056628292594975,-0.597495402752311,-0.18281899789696274,0.6089810664849178
368,240.0,21.53080463934291,60.000000030176444,4.8469435789318895,2066.7945631360244,6.0,44.75753226928453,0.30796198655988616,-0.7096269736228766,No,0.7919190517999778,-0.5641246175983032,-0.14550235602457334,0.8805169240649294
369,214.0,3.3845109905471276,60.00000001432604,8.654102132638911,1994.6113614565766,0.5344072383037788,43.65156257954488,0.22050950241828712,-0.8849929311877478,No,0.8062130769273348,-0.7272679820826595,-0.15772494910508825,0.9503055431637792
370,330.0,17.45632637155085,60.000000066021244,6.544598674823426,1839.281340645347,5.07030190369069,40.68445018970871,0.27916955717038405,-0.7416816859366259,No,0.6957517738092679,-0.5498392531949992,-0.19184243274162668,0.9181773038945039
371,220.0,14.067180675571478,60.000000022104274,6.902888001749434,2129.1261353980176,4.836733384232077,41.027403886927466,0.2468479458819693,-0.6760788670968346,No,0.8126963072055516,-0.4882823346603451,-0.18779653243648953,0.9309490734510983
372,247.0,24.46822070684912,60.000000030050096,1.7102994663100353,2219.031556163057,6.0,40.0,0.2884785718363147,-0.8061470045089351,No,0.7996781514148085,-0.6061470042685343,-0.20000000024040074,0.7113450655042745
373,217.0,9.608172189095631,60.00000000609576,0.8297229566576045,2344.4026850741643,3.5607706298853974,40.79645603299243,0.2211748792321306,-0.649734982290458,No,0.8305615893475048,-0.4592169350522067,-0.19051804723825136,0.5790744415324169
374,352.0,10.555351425864954,60.00000009485203,8.473048591843147,2308.150801804143,6.0,40.0,0.24239573084808136,-0.475158848715857,No,0.7353533493204447,-0.2751588479570408,-0.20000000075881622,0.9443755884672482
375,217.0,5.555405491865909,60.00000008797139,3.0195952698496886,2036.9875674846571,2.002457670455775,43.92826468460311,0.30527558494313106,-0.6247421007882811,No,0.8074523541031225,-0.47009951690084734,-0.15464258388743377,0.8163684556330513
376,372.0,3.93183325809433,60.000000091157766,3.2552973887709094,2195.5277792098605,1.7564203546421093,41.187311332119386,0.3562584219422237,-0.5683589510998546,No,0.7102270884761523,-0.38243950631548906,-0.18591944478436556,0.8027119387797153
377,260.0,21.352796523128344,60.00000006259931,9.521455101197795,2009.3924622326617,5.913437648782935,42.53314306770753,0.3550480469686723,-0.7365979147216984,No,0.7708637846234775,-0.566244637121561,-0.17035327760013744,0.928102478854657
378,303.0,11.91321684569241,60.00000004272006,0.8345839774899274,2058.920457991329,5.722243572440489,45.477703183034485,0.4148771167752088,-0.48873374664417946,No,0.7434291244018579,-0.3510525456361956,-0.13768120100798384,0.3359103077647783
379,230.0,16.906449713487472,60.00000004956208,1.7840415111967882,2220.01460133525,5.826837254517315,45.211589341717676,0.44114365577369846,-0.6279327376521159,No,0.8122460169219802,-0.4873739760802646,-0.14055876157185124,0.6034993740549688
380,345.0,16.400907213597222,60.00000009722903,3.817033052391964,2280.849391667418,6.0,44.92407526358352,0.34396982040624013,-0.6079915434905452,No,0.7372278843601731,-0.46430741016077826,-0.14368413332976698,0.8346697510569483
381,263.0,15.331503028469083,60.00000009415864,7.346652344186038,2122.5044207770616,6.0,43.302103496166126,0.3480567585625963,-0.5990931353904454,No,0.7795015614229467,-0.4374517358676148,-0.16164139952283058,0.9095334849141297
382,348.0,1.512578913672895,60.00000006713425,5.515757960261092,2284.5779273122203,0.46799459417774464,42.41934756280808,0.3154055557082871,-0.6990686992113149,No,0.7356203617833283,-0.5274150721266364,-0.17165362708467852,0.8918207130208201
383,352.0,19.883070170910802,60.00000007858046,8.991429313887737,2060.0928397678017,6.0,44.65358824654047,0.30228539756122536,-0.6830165760177338,No,0.708137270509136,-0.5363764839038904,-0.1466400921138435,0.9349484233276841
384,210.0,6.845653531936567,60.00000003187345,1.0217363852687977,1820.9755376884386,2.5873937980152273,41.84549871562775,0.3788090978248565,-0.6296746253890437,No,0.7932028268159131,-0.45141931180611405,-0.1782553135829297,0.45905491482060556
385,358.0,4.022173247393029,60.00000004163246,5.98090238611574,2132.119660789236,2.0868925915691525,40.0,0.4300980461195739,-0.51678831246437,No,0.7124636172010039,-0.3167883121313103,-0.20000000033305967,0.8658249829599177
386,220.0,14.549871421791119,60.00000001492176,6.17508278521105,2252.953457879262,6.0,40.199244872354775,0.42387537884022475,-0.6136685565050891,No,0.8220750986646824,-0.4160547405043528,-0.19761381600073633,0.8715326364245363
387,307.0,2.646643667784542,60.00000003764602,4.8790941862359345,1859.902668698808,0.630827528802841,42.58640163366266,0.3617499619958511,-0.7847979610632838,No,0.7166462486436007,-0.6150522821011024,-0.16974567896218146,0.8619497349037171
388,368.0,19.363777021326026,60.00000007544161,0.4068327201165324,1966.4252320276116,5.547189210371218,41.088375820764426,0.38817069443240143,-0.741718883395355,No,0.6847189664066762,-0.5546387756479026,-0.18708010774745232,0.023474145321400085
389,349.0,5.971776888319804,60.00000004735188,9.430178355209442,2325.2053614880265,1.4438020973396894,40.0,0.345129573881001,-0.8106030024824229,No,0.7389878840076788,-0.6106030021036079,-0.20000000037881507,0.929387477840176
390,344.0,6.182832446048194,60.00000008493409,1.7334722281429498,2097.765865954413,2.331014012487184,44.299743202888486,0.3471474891350368,-0.6029482813523759,No,0.7182367033658728,-0.4524181229154598,-0.15053015843691608,0.6663037591615255
391,333.0,21.872690242469073,60.00000003007364,8.908557377000031,1941.805823038025,5.62854033649309,40.0,0.22901733448974365,-0.7906699289674294,No,0.707227758406847,-0.5906699287268402,-0.20000000024058917,0.9498734966945284
392,280.0,8.88542928237353,60.00000007075768,1.6553273955747625,2379.4478893389473,4.8920819498155135,43.075967633252986,0.2517168315520786,-0.45403522930756063,No,0.7894299782128095,-0.28984533311271576,-0.16418989619484486,0.7360136404059009
393,266.0,4.541300318594649,60.000000080577614,1.102452328636023,1904.4730787825997,1.7688061181856174,42.47146770953674,0.40254648422967454,-0.610431291042626,No,0.7548921453112911,-0.43937360299483275,-0.17105768804779323,0.4650540840451855
394,252.0,22.612744855162195,60.00000009147412,2.1349497195075777,2268.207352584401,6.0,40.71602666164724,0.2410885232126758,-0.772075239074218,No,0.800016455200338,-0.5806064723694271,-0.191468766704791,0.797066798944565
395,371.0,1.0680532355203924,60.0000000562386,1.980844150125016,2263.3874153769234,0.30025633110105004,40.0,0.25796388685285254,-0.7611280690894827,No,0.7183405919459891,-0.561128068639574,-0.20000000044990876,0.7695524738234603
396,383.0,21.60174703312423,60.00000009677862,7.002247367692836,1940.650256022503,6.0,44.21433911778369,0.20729806858559763,-0.7167179333541082,No,0.6703462588594564,-0.5652449105631222,-0.15147302279098593,0.9424934427786602
397,280.0,4.472511527692192,60.00000005572868,7.24817723529919,2018.4037296818701,1.782016841584812,40.95207827740873,0.38808137384012287,-0.6188502862618768,No,0.7563526404138269,-0.43016747662756055,-0.18868280963431625,0.8983582422481986
398,261.0,4.119811154642483,60.00000001340928,7.326742656135871,1990.3884259846027,2.1578771299154296,44.586789672365654,0.24673995890802333,-0.45989735888599037,No,0.7681430738582068,-0.31252491933266113,-0.14737243955332924,0.9348410839636969
399,267.0,7.015700721474972,60.00000002428585,2.726121216564768,2016.8389112279006,2.6008113334508085,41.36358392312929,0.34924270732074836,-0.6429517807071791,No,0.7661831588144297,-0.45909466580065933,-0.1838571149065197,0.7728771514757813
400,301.0,5.187930901633443,60.00000002033367,2.887078427108126,2065.88150200862,2.011412995580997,43.11164227537427,0.3543406698341062,-0.6050103576529565,No,0.7456568909389332,-0.4412232491465645,-0.16378710850639203,0.7813669511798887
401,233.0,16.8653834223356,60.00000006467059,2.451728020977732,2235.6327842535984,5.289035884328178,43.61099271861398,0.22946541316541416,-0.6807082142651719,No,0.8112315436413128,-0.5225299466335097,-0.15817826763166223,0.8288333767766767
402,371.0,1.6187235948687606,60.00000009222261,0.5913908860812478,2167.1611838431963,0.7413803363595217,44.872275353580946,0.30455977655281463,-0.5159882840925238,No,0.7076623798664791,-0.3717392471155446,-0.14424903697697922,0.32014163445692434
403,365.0,1.3566478535370123,60.00000008471334,5.760521097791642,2241.2523345933387,0.6396553562032956,41.81101942187938,0.449974888140773,-0.5378144601323465,No,0.7199043276391331,-0.359160118480693,-0.1786543416516534,0.8550921249574834
404,276.0,19.959631941634093,60.0000000092464,8.414559597971945,1866.4277899313006,6.0,40.958999291856124,0.31275024268666274,-0.7263451532006397,No,0.7423483757099227,-0.5377438313848208,-0.18860132181581893,0.9283283741733039
405,317.0,6.710358546171113,60.00000007245847,1.6205403517156687,2294.069982851826,1.7904019852617785,41.872226246552515,0.3263595049326676,-0.7567128171865178,No,0.7571876647643349,-0.5787666341990255,-0.17794618298749226,0.6647392994373033
406,280.0,8.770515087088539,60.00000001904816,3.672206320150003,1778.2794100389228,3.3709277107532185,42.13831972823133,0.3221748779849214,-0.6196010666481122,No,0.7279280950542034,-0.44472370098347314,-0.17487736566463913,0.8386859631046969
407,392.0,5.181908833748253,60.00000002684616,4.333298978712564,2156.2268553902145,2.5158819257929244,40.366208309289924,0.2420522443591434,-0.5419581645286083,No,0.6923350845543362,-0.3463366297207896,-0.19562153480781877,0.8941929340250127
408,218.0,2.2575764286682363,60.000000067367196,3.016039544765527,2366.341812499295,0.8501009078812441,40.0,0.22830274882300577,-0.6529027212408691,No,0.8312916666474749,-0.4529027207019316,-0.20000000053893757,0.8592609976609574
409,202.0,18.801233366899588,60.00000006029221,6.654000237497691,2382.650412873776,6.0,41.45806510371306,0.3797450602825108,-0.6989077626162903,No,0.8436925945622149,-0.5161530951918089,-0.18275466742448143,0.8920219472825222
410,317.0,13.62605263834881,60.00000008736205,6.042133727336312,2063.1496962586157,5.779076099573918,43.9207388409449,0.38783637368591806,-0.5591026246104447,No,0.733630199396033,-0.40437642258151246,-0.15472620202893228,0.8793660413368765
411,359.0,18.895966600815896,60.00000001881633,2.076780527533369,1905.1129550102398,6.0,41.966972105101895,0.4484894210796543,-0.694845868333761,No,0.6828780125959959,-0.5179942119778256,-0.17685165635593544,0.6447988292689405
412,344.0,12.429903170158006,60.00000007616964,0.3547833580436889,1930.6901392206607,6.0,46.16431610580938,0.2876577102784974,-0.4792075616776832,No,0.6975412219284873,-0.3488842622119365,-0.13032329946574664,0.10448530001436294
413,225.0,19.672408943540866,60.000000072430524,1.7912386977530086,2047.2905795205722,5.485885788382425,40.202049761836,0.21483945840983526,-0.7614707828980722,No,0.8019619479763257,-0.5638904904455706,-0.19758029245250164,0.785811477234992
414,218.0,13.3177109826206,60.000000055885046,2.9889335138564643,2245.087201293321,4.658613166704082,43.38275502290913,0.37601344043879714,-0.6424297478060549,No,0.822986372641998,-0.4816945747076893,-0.16073517309836557,0.7765115197677478
415,337.0,3.6172962400922923,60.00000004793942,0.9111673376586243,2076.260037876584,2.0648752222755076,44.52840909166846,0.440692998748448,-0.42122237512430777,No,0.7207097497072676,-0.27320911170988854,-0.14801326341441923,0.3480199294555729
416,254.0,13.092128554859713,60.00000008694739,8.453313836034672,2036.3014266849534,6.0,41.14647979944475,0.23172204215345255,-0.5578669050953982,No,0.7781951344564749,-0.3714687199219849,-0.18639818517341322,0.9466387829817938
417,329.0,23.68997543128255,60.00000003329643,3.152698661165521,2214.1325336287437,6.0,44.18723818341994,0.3223646814789094,-0.7475957158127833,No,0.7412639761007213,-0.5958231751395686,-0.15177254067321463,0.8144697522355959
418,267.0,2.040760885580121,60.00000009570198,4.034926750230418,1841.1243392144102,0.8273017038669275,43.766130268286865,0.3584069408375744,-0.5795404003416929,No,0.7466942579871763,-0.4230936891607877,-0.1564467111809051,0.836840556151587
419,233.0,19.79744790352911,60.00000000153337,4.942058439994508,2177.208422676563,6.0,42.43732593981522,0.43756351971634566,-0.7062857019681108,No,0.8066557250337288,-0.534837707788979,-0.17144799417913176,0.8373255507567807
420,289.0,21.80754178623612,60.000000093715975,6.64429654198545,2041.9719419099506,6.0,43.44995122856681,0.38273298437176323,-0.72844360902418,No,0.752034767296942,-0.568462394401952,-0.15998121462222803,0.891068343192185
421,217.0,13.514829153114018,60.000000096207756,1.0022550877517244,1853.1643135359327,4.945490063002418,40.0,0.307410775171309,-0.6642031919382254,No,0.7903548055764189,-0.46420319116856334,-0.20000000076966204,0.5305508315148397
422,262.0,11.993020530344369,60.00000001173162,5.486847689274836,2084.406758661837,3.6950276034324223,44.75583413436053,0.34448341006523786,-0.6744581678709307,No,0.7766798113474414,-0.5289372429350305,-0.14552092493590021,0.8818508487353006
423,294.0,24.13662839492869,60.000000099957205,1.930324083366268,1917.8749275356918,6.0,43.96929048112821,0.395972440460142,-0.756000420373627,No,0.7341621840005635,-0.6018134529601418,-0.15418696741348523,0.6595683857113568
424,272.0,2.4598097798681398,60.00000004789209,8.866377658220435,2140.3604957656516,1.3749714602579088,44.426773491284465,0.20016898287802604,-0.4320250393253296,No,0.7744947320457005,-0.28289444734390445,-0.14913059198142514,0.9558444927706732
425,240.0,12.495565863960719,60.00000002425932,3.7570764828262564,2243.7032759179638,5.652618741160387,40.0,0.43318139068148104,-0.5770595944010549,No,0.8067401993410044,-0.3770595942069804,-0.20000000019407457,0.7932435645929078
426,312.0,10.638814108301451,60.00000006044015,4.513175180865136,2022.8216577284131,3.4057667940870453,40.0,0.4259500672089145,-0.7150062768889863,No,0.7327419000356971,-0.5150062764054651,-0.20000000048352118,0.827520038138329
427,339.0,17.466339905493587,60.00000002045132,2.7066300701605543,2214.8475648089457,6.0,43.48705385474772,0.375924509941011,-0.6481945756086114,No,0.7345182189639727,-0.48862924306356187,-0.15956533254504957,0.7560954720038566
428,380.0,12.766452499461407,60.000000091512646,4.7040737659310405,2416.0474509400537,3.037387240859916,40.51211907439684,0.36999568128039473,-0.8094998998984633,No,0.7281877316694029,-0.6156140164962012,-0.19388588340226212,0.8541621532264466
429,277.0,22.832819898765504,60.00000005520793,2.3397985747984027,2435.5021464879446,6.0,43.98834466188359,0.217707076350128,-0.7377830987448973,No,0.7957605302848146,-0.5838076177726277,-0.15397548097226965,0.8297504631105237
430,356.0,2.763777178394812,60.00000007755139,2.758763733402201,2162.6610377690135,0.9917443193765036,40.0,0.42024724874506764,-0.6718473486038822,No,0.7173101146509666,-0.47184734798347105,-0.20000000062041112,0.7356113262237234
431,367.0,2.9389714578590063,60.000000038066176,0.7102297596349832,2343.629905996977,1.7911287927344248,40.90826577215822,0.33262706913667023,-0.4318666382521402,No,0.7292142323169593,-0.24266772463872727,-0.18919891361341298,0.362084880762663
432,335.0,15.599138167202561,60.000000053365014,7.547127906941343,2108.7016703064205,3.749558762909591,41.591761407584904,0.3570200095852256,-0.7936207506253405,No,0.7258257797417688,-0.612422606395349,-0.18119814422999161,0.9096626193346554
433,202.0,2.576373599682734,60.00000003592596,6.707937745432228,2233.2121945283025,1.426313912714031,44.94693422866457,0.3881114116369881,-0.43075689829622915,No,0.834100699352709,-0.28732187646595975,-0.1434350218302694,0.8906119720858067
434,370.0,7.600383989390877,60.000000026156165,0.9485023872151792,2160.415568994446,2.669070308449513,44.310140754887065,0.2349575472023084,-0.630607852113257,No,0.7075579169416563,-0.48019237808754756,-0.1504154740257094,0.6029311337557749
435,341.0,16.19384138322437,60.00000005128165,3.5035347268058623,2099.7616943797507,6.0,40.0,0.37261901875366343,-0.6593094641126286,No,0.7205790300747444,-0.45930946370237535,-0.2000000004102532,0.8077377507636114
436,276.0,14.160554417160652,60.00000004972773,5.460345159459619,1912.1144517301068,6.0,40.68471701641151,0.32738064152867813,-0.5966175479499914,No,0.7477280040979838,-0.4047782738660397,-0.19183927408395174,0.8868707147554311
437,369.0,8.804450639648032,60.00000000986083,9.7099848180184,2111.282620191173,2.094155971212091,46.630788517275924,0.22818591565095211,-0.7410806014119329,No,0.7024532631917901,-0.6157020716528424,-0.1253785297590905,0.9540788900158688
438,226.0,24.87106614066217,60.00000009813185,5.9382917788056755,2050.5231047158995,6.0,43.501761896933424,0.44672063321079725,-0.7706870594430358,No,0.8014516087872485,-0.6112865054506794,-0.15940055399235642,0.8600721175200606
439,234.0,13.733364098351789,60.00000004694904,5.5806588709632985,2210.418201136464,6.0,40.39969757313081,0.3906814844738964,-0.587115564109998,No,0.808543399086778,-0.3918928399541217,-0.19522272415587624,0.8691478089611282
440,267.0,11.889170021811319,60.00000008397312,8.42389194765948,2346.2464278020893,6.0,40.0,0.26554631929051675,-0.5292030891678396,No,0.7956564699299603,-0.3292030884960547,-0.20000000067178497,0.9388806707332249
441,229.0,15.530242996847509,60.00000009143305,8.202211627167198,2181.1617278295075,6.0,40.40986424711709,0.30385799859385043,-0.637746175964991,No,0.8099712584796308,-0.442644469839144,-0.19510170612584687,0.9285550173082051
442,227.0,3.3802830802970076,60.00000003707049,4.244457541851061,1953.9236189721785,1.8800415367651884,43.92427318431632,0.26936693393364,-0.4398863533388554,No,0.7918313158468335,-0.2851994226108577,-0.15468693072799775,0.8806480245837154
443,390.0,17.842706045105587,60.000000041393015,5.401592678591404,2029.574587420403,5.8822239333809385,41.90920520182095,0.3585735618383141,-0.6816501488484762,No,0.6776292807606371,-0.5041313977562955,-0.17751875109218077,0.8754988842781857
444,341.0,21.4670256950938,60.000000056252475,8.682250735685068,2070.020081533455,6.0,42.520643352685056,0.3824895943578853,-0.7336084784237645,No,0.7171321776937524,-0.5631125068578701,-0.17049597156589447,0.9156093654243546
445,239.0,16.621999957151328,60.00000002212741,4.800761442407008,2152.1413490478653,4.500247836040304,40.0,0.27732251596838153,-0.773885518413305,No,0.8000954647911818,-0.5738855182362858,-0.20000000017701927,0.8907767109635957
446,269.0,19.455105522513726,60.000000014592274,8.828373307234466,2191.935018536975,6.0,42.24037678900085,0.3753749028059665,-0.7022863958376593,No,0.7813839065446593,-0.5285818010305783,-0.173704594807081,0.918429993033389
447,272.0,18.30015799978238,60.00000002607741,4.814996582706541,2376.721353989979,6.0,43.477113293577766,0.2317326518702812,-0.6658527769696545,No,0.7946178826321124,-0.5061760503735215,-0.1596767265961329,0.9081652131116511
448,354.0,6.160553591859926,60.000000093475826,0.8816549927634236,2000.916292302221,2.9101821671590433,47.77114620819912,0.20733906279320086,-0.47180660269493674,No,0.6993523709040873,-0.35833602819584515,-0.11347057449909159,0.6192099272989653
449,253.0,11.837317983166756,60.00000005791429,9.037494293257625,2168.6633737027255,2.962341539729421,42.56404756244877,0.31379944441985685,-0.7696749940374514,No,0.7910527096809803,-0.599674366137078,-0.17000062790037343,0.9328864105389992
450,383.0,6.4838457847500255,60.00000004175781,7.171626421390564,2077.682834796947,1.9333664005817397,41.21246658509766,0.2637790202597695,-0.7262406734669712,No,0.6887042941219974,-0.5406159764034663,-0.18562469706350493,0.929047844847255
451,287.0,9.134358852044207,60.00000001524114,5.0708045561244885,2326.498257028628,4.500306250376447,40.0,0.4157321237256528,-0.5398728585205594,No,0.7803710033261704,-0.33987285839863024,-0.20000000012192914,0.8484537157101415
452,252.0,11.883973669778737,60.00000003298653,9.014505108568759,2110.2537794892705,3.552682538599716,40.24736137929649,0.4327900192892964,-0.7367472655221646,No,0.7866444306805312,-0.5397082774090092,-0.19703898811315546,0.9083780037710284
453,375.0,10.983751606275886,60.00000003798398,8.024458333534788,2273.672930559761,5.460430986327887,41.902851109729696,0.3040641496253288,-0.513475128224224,No,0.7168393306147098,-0.33588295367337173,-0.17759217455085227,0.9269824509112793
454,362.0,3.2820601426151406,60.000000083336275,6.8075953672027,2198.388423397279,1.513634752971499,42.03509479690203,0.3255102356398957,-0.5448186331204449,No,0.7172304040340283,-0.3687526892653409,-0.176065943855104,0.9087325342526326
455,267.0,11.242336150262993,60.00000004993015,6.2407038320581005,2215.771360221942,5.4143770357656384,45.613106244333466,0.3162735444792215,-0.48610911990750816,No,0.7849177702967122,-0.34988650218133954,-0.13622261772616862,0.9035306891218092
456,329.0,16.962588713447413,60.000000065460796,1.2907905600787895,2092.6591337978734,5.82718401178804,40.84462365138838,0.20199229338936386,-0.6785635244962787,No,0.7282854589993173,-0.48861411809205874,-0.18994940640421987,0.7293748478955542
457,325.0,9.983224562452884,60.00000006848466,7.596168680828016,2191.369755381123,3.7740369840516985,40.12786129132111,0.3233401689637212,-0.6498065450839134,No,0.7416913795716986,-0.4513389207155695,-0.19846762436834392,0.9183433783340682
458,264.0,4.663334194449371,60.000000025732675,1.8115018307842952,2172.8566918117494,2.4633959859415118,47.60883184756028,0.26128171859414573,-0.42383840180292726,No,0.7833274308767646,-0.3086882978341125,-0.11515010396881477,0.7478929059693711
459,213.0,23.151640857625225,60.0000000821592,9.845243103466416,2323.0568540668446,6.0,43.26404252664902,0.4377475655358608,-0.7504289196047713,No,0.8320226932937791,-0.5883593634194644,-0.16206955618530697,0.9148598730415196
460,223.0,2.6111993952795465,60.00000009665083,9.724432295543794,1801.8342485235448,0.3330741577218994,40.11549089794282,0.2259872548378899,-0.9723635268409399,No,0.7797350571656859,-0.7737478181112909,-0.198615708729649,0.9545773414490405
461,362.0,20.96252532339651,60.00000006416945,8.103761141061694,1977.0246139226183,6.0,42.512952539289735,0.22325665958952204,-0.7255216166479562,No,0.6904692683905412,-0.5549378310796764,-0.17058378556827983,0.946377763339941
462,308.0,3.2375224408882577,60.00000004905956,1.3492413865215436,2107.6322729812964,1.9944494676065339,41.74807285924587,0.29312299351852017,-0.41697519299397157,No,0.7449942994677115,-0.2375916757625231,-0.1793835172314485,0.6430475513462246
463,270.0,3.317546381578855,60.000000016823364,4.2914115032244355,2196.01345394665,0.9043925882729468,40.13677704797103,0.341955182072302,-0.7699356868934134,No,0.7810230924994449,-0.5715747694454746,-0.19836091744793882,0.8523945090910059
464,211.0,18.731103963729176,60.00000007949755,9.883971369735466,2045.142822709358,6.0,40.238180732577135,0.27875222885243955,-0.7119296853115877,No,0.812955103838139,-0.5147810620342994,-0.19714862327728827,0.9451422197704615
465,200.0,20.482462846657416,60.00000001692657,4.410393130771823,2210.563796890267,6.0,40.79998001065051,0.2506781565698084,-0.7373463658859261,No,0.8340637155025652,-0.5468699391939438,-0.19047642669198228,0.8924375358726689
466,285.0,14.352897654768402,60.000000072031355,9.972965345109879,2190.8409295298416,6.0,40.0,0.3165137781091654,-0.6104033640900173,No,0.7697751930661223,-0.4104033635137665,-0.20000000057625084,0.9384781728367715
467,397.0,15.075161985747448,60.00000004883163,6.30953950110074,1921.9541951312665,6.0,40.0,0.22997838908884838,-0.6306093590226166,No,0.6576042762435611,-0.43060935863196353,-0.20000000039065305,0.929665032514444
468,233.0,14.47807393580974,60.00000009168994,8.357670374892441,2261.0278606459387,4.0845706836218065,40.0,0.21008245202716583,-0.7599150055872956,No,0.813153651026453,-0.5599150048537761,-0.20000000073351953,0.9509597309186854
469,363.0,8.911503553988922,60.000000054213686,2.653074963878988,2204.5803297648126,2.242375231738955,40.0,0.3692958442472679,-0.7979201007295417,No,0.7172435107155923,-0.5979201002958322,-0.2000000004337095,0.7556250588085742
470,267.0,3.933550848509423,60.000000064180945,9.116964408742783,2305.6912835830385,1.3656616426804091,41.39692788133212,0.31305029235026566,-0.6680472080532933,No,0.7924352589805149,-0.48457939931607563,-0.18346780873721763,0.9336055558187032
471,241.0,9.486353911210424,60.000000005873204,9.15032197529601,2111.7077389701726,3.459056227075522,44.021428129727134,0.407593082973659,-0.6192018773682261,No,0.7951296746229172,-0.4655934126265508,-0.15360846474167525,0.9147108798333582
472,389.0,16.968172480069974,60.000000003382375,0.7634183351812629,2136.8562708848904,6.0,43.96103638757115,0.35757438715095613,-0.6318164882552482,No,0.6919856410802658,-0.47753788376447087,-0.15427860449077732,0.36203977059364906
473,313.0,19.006822006035478,60.000000084669736,3.942181614846033,1961.1986950329476,5.914761179964282,44.599817445922916,0.4256240204833204,-0.6725597582985398,No,0.7247382115875629,-0.525330221934935,-0.14722953636360483,0.8051085345736881
474,341.0,21.83421157285756,60.00000009451881,4.033814444134657,2123.215403722268,6.0,47.11737832384111,0.28288747281306914,-0.6891422816462602,No,0.7232384803009431,-0.5688758789308851,-0.12026640271537509,0.8689335153291776
475,380.0,18.305456289907585,60.000000066821556,3.328655373160387,2332.8167181038975,5.587307417729943,43.3161747822857,0.20737057325007285,-0.6937844750057807,No,0.7198483793880495,-0.5323012870257524,-0.16148318798002828,0.8827098124319016
476,309.0,24.24156700747539,60.000000076433885,2.8343881170817684,1944.9054740703014,6.0,41.353096798152436,0.2699636385701809,-0.7871747756406358,No,0.7258092643592718,-0.6031951652163484,-0.18397961042428737,0.8260740664593369
477,343.0,15.409842189392249,60.000000041239225,4.6357560931138915,2152.277903691457,6.0,40.0,0.3376721663009951,-0.6395101147040618,No,0.7250807218766506,-0.43951011437414805,-0.20000000032991383,0.8642094954675305
478,202.0,9.439508456635576,60.000000084254474,8.747315908390295,2315.1416061601503,2.5022422034121714,41.26448218875902,0.4211631290562412,-0.7659410862239913,No,0.8395004877710103,-0.5809253978508094,-0.18501568837318177,0.9081280270509214
479,228.0,14.870044441356518,60.000000023143336,7.886851324394942,1858.9917681851227,6.0,47.251758427172874,0.28977802745939124,-0.5438759779698619,No,0.7815036901671423,-0.42501320331543957,-0.11886277465442226,0.9291204199212788
480,219.0,6.105731336128146,60.00000007071696,6.268273493029201,2091.007854008085,1.8644343809853305,42.438839110849436,0.2970953186423251,-0.7035773368335128,No,0.8103902550634068,-0.5321466460899221,-0.1714306907435906,0.9094962287223938
481,376.0,16.76167127171565,60.00000000091415,5.273363903453111,2187.5717830572667,5.529520771323758,44.49854300962162,0.4478828308576427,-0.6522242700157711,No,0.7066592771187475,-0.5038829004166788,-0.14834136959909228,0.8434317372919243
482,238.0,6.381876858581574,60.00000005057329,4.253978958829764,2047.9667202305106,2.734565036542656,40.0,0.22503358432623938,-0.6000806309836744,No,0.7917729966112536,-0.40008063057908805,-0.20000000040458632,0.8995164303926345
483,339.0,3.597241166254399,60.00000003732007,4.20297974781289,2030.5045559649154,1.583318818400759,50.80188544922257,0.2548528965109812,-0.47176013455971455,No,0.7138642344901915,-0.3887460725903932,-0.0830140619693214,0.8856606262079023
484,209.0,21.28896204643228,60.000000061783524,1.5671774388051016,2350.524756419185,6.0,42.245396607095394,0.4113052255915702,-0.7339087364325594,No,0.8366884325101084,-0.5602617651934892,-0.17364697123907008,0.584221552209561
485,294.0,9.821465214768404,60.000000066675476,5.920547919485742,2233.5856834843535,5.190246298520688,43.5959957655879,0.37514020083785454,-0.46685298541984593,No,0.7673669368195565,-0.30850705545120133,-0.1583459299686446,0.8808263072540599
486,349.0,19.302535166484393,60.00000006165194,7.607936139790962,2089.66415737193,6.0,40.0,0.44700155260116076,-0.7257392230239627,No,0.713777726264607,-0.5257392225307471,-0.2000000004932155,0.8890117913579014
487,341.0,14.778400103955105,60.000000048320416,9.402534851372389,2287.0285279307914,4.828315332197518,43.17019972004337,0.2547022354228943,-0.6706100754229136,No,0.7404898794850676,-0.5074835101350391,-0.16312656528787445,0.9472515310261652
488,237.0,20.373312907656263,60.00000004878544,9.256788850916807,2190.971281702209,6.0,40.227991135252516,0.23262238640479563,-0.7422649221684945,No,0.8047752856171813,-0.5449945919946841,-0.19727033017381035,0.950972219332239
489,310.0,21.283723871880596,60.00000000066124,5.670569218825493,2025.4135530421913,6.0,43.574739094492244,0.42930603687027963,-0.7187609973682859,No,0.7345223936067484,-0.5601773402945355,-0.15858365707375044,0.8592410438330147
490,232.0,24.389118451016998,60.00000005516436,1.099805383971942,2149.3003588799775,6.0,41.50009048686754,0.2933976950208433,-0.787386769261411,No,0.8051484776921471,-0.6051218129495162,-0.18226495631189485,0.5788156092319939
491,210.0,20.64224462897607,60.0000000011851,2.932319255083837,2304.0784653987603,5.678786302535348,41.576900977095995,0.4371733830065808,-0.7498691355094056,No,0.8329407750074406,-0.5684981855526995,-0.18137094995670605,0.7405108543259269
492,278.0,15.725758732851155,60.000000052941765,5.4027714633445765,2201.4415515847795,6.0,40.0,0.44218572408329193,-0.6476602571926107,No,0.7757559561568924,-0.44766025676907656,-0.2000000004235341,0.8486949656245881
493,293.0,16.424779931915953,60.00000002747407,3.504304867916898,1963.6637649071765,6.0,40.0,0.27670580732448946,-0.6648776919325634,No,0.7403246291659653,-0.46487769171277077,-0.20000000021979258,0.853633945475796
494,210.0,1.6300919548860016,60.000000097747936,4.167811369262283,2050.3568753410614,1.0818352962173359,47.010933835023906,0.4371745399624757,-0.32354569713995857,No,0.8141886334047906,-0.20216495794480088,-0.1213807391951577,0.8101299119779183
495,291.0,23.298022983878475,60.00000000171426,3.8921303814828234,1778.2794100389228,6.0,40.0,0.4418829214039839,-0.7904160493627396,No,0.7187426709140973,-0.5904160493490255,-0.20000000001371412,0.7960860336493873
496,253.0,20.907058959031914,60.000000081315726,4.907289443634674,1866.0882432861106,5.966384634098135,40.0,0.3863358320254956,-0.7559642660099987,No,0.7612180608319848,-0.5559642653594729,-0.20000000065052578,0.8540373328645499
497,374.0,7.418745403698656,60.0000000674033,6.12872530432911,2155.590623801198,3.0785396445052333,46.97850886613018,0.35977567197621974,-0.5351804636210372,No,0.7042999792290557,-0.41345983644942963,-0.1217206271716076,0.8891036085869306
498,263.0,5.329985727060506,60.00000008061677,0.470910137927363,2281.65266322399,2.5278467104976974,41.01395949219487,0.21694869501605843,-0.5445591995148149,No,0.7932920246437187,-0.35660457751292596,-0.18795462200188892,0.36920575959543395
499,370.0,17.864770548774512,60.00000009097734,2.8266000061440626,2109.5998411078526,4.616387333931275,40.7396526206379,0.42113799939680685,-0.7804998741656926,No,0.701564749387394,-0.5893105365820548,-0.19118933758363782,0.7406576523855583
500,226.0,8.415632531917844,60.00000001070164,1.5241414392040702,1778.2794100389228,3.076044397421724,41.34394612605733,0.3198723125992901,-0.6487348139425827,No,0.7744825408393422,-0.4646482987059565,-0.18408651523662622,0.6530694933413921
501,290.0,9.1557917626542,60.00000000963139,6.125687114447707,2307.3862317539265,3.848178954976442,43.435630794440826,0.2737271532790325,-0.5682950528019107,No,0.7766985930281359,-0.40815324203104786,-0.16014181077086287,0.9144524352300548
502,399.0,1.1465389456878086,60.00000001488975,6.967246406354212,2288.506436620909,0.5086725117552527,40.0,0.2938644710199991,-0.5853685468774394,No,0.7030704785945175,-0.3853685467583215,-0.200000000119118,0.9190579854838224
503,343.0,21.876704956874516,60.00000001919321,0.48394707156977135,2085.998193053581,6.0,40.0,0.32068419662211956,-0.7695330558513372,No,0.7175790406259608,-0.5695330556977916,-0.20000000015354566,0.2029039653337414
504,304.0,14.591706274273031,60.000000052645596,8.90678471775115,1969.1150074092934,3.952106193505648,43.91356515488652,0.239275944332696,-0.7285606465357619,No,0.7325256319991712,-0.5737547281204725,-0.15480591841528946,0.947676720465097
505,358.0,10.618824255988374,60.00000008152144,3.38179134976928,2222.4213091482416,3.3808504916593773,42.617509054747714,0.26631619233749415,-0.6864012205529703,No,0.7225259311486848,-0.5170101373637365,-0.16939108318923382,0.8539976197172646
506,391.0,4.404991699630448,60.00000002673247,2.452035009771441,1825.0282499874875,1.4807616966205137,43.066849292083226,0.40996362621141275,-0.6611247851512423,No,0.6471164119841814,-0.4968318932411569,-0.1642928919100854,0.7135123538794944
507,239.0,16.196128303732333,60.000000039689645,7.482923216407448,2221.0006659304277,6.0,40.0,0.24991870019023657,-0.6593651726668692,No,0.8056911095106515,-0.459365172349352,-0.2000000003175172,0.9353617459439294
508,260.0,1.7357703611417417,60.000000037305156,9.216266330771036,1900.6502535424313,0.5662606299197821,40.95170661188543,0.4109422685867341,-0.6967210635686081,No,0.7593317108368421,-0.5080338778074701,-0.18868718576113794,0.9146289883831649
509,241.0,18.906682288136963,60.00000004060274,8.980610485279284,2044.4008489628523,6.0,45.07319724582548,0.2462203051355118,-0.6602625804621132,No,0.7890960790450662,-0.518201586980712,-0.14206099348140117,0.9466294959280501
510,245.0,6.163189120804263,60.00000005650022,0.30030559707339166,2249.916898904473,2.955812238961188,42.16933017473711,0.3162644890386626,-0.5521286805554646,No,0.8036006729461969,-0.3517245754556584,-0.17452076705805344,-0.025883338041752826
511,305.0,11.075979850348077,60.0000000990233,8.192120660522248,2136.5092561479964,3.208434300830405,43.093779244801844,0.2859478466365116,-0.7147670726941956,No,0.7501545413092533,-0.550778314479813,-0.16398875821438266,0.9325441056780653
512,206.0,9.181503562463988,60.00000002258572,3.100244039136157,2043.115506987604,4.180465471256467,41.83298446911511,0.41019929160756263,-0.552674146101704,No,0.8168168781372105,-0.3742740369018092,-0.17840010919989469,0.7662977276886233
513,245.0,9.881274219448093,60.00000006840416,2.875431866527952,2199.680116915254,3.7737532252112564,40.1209863792608,0.31906557027036714,-0.6458226184342022,No,0.7995647787988346,-0.44727270003588043,-0.1985499183983218,0.8002405219707109
514,388.0,18.31830322582416,60.00000008478671,4.96703021225724,2177.7984677119152,5.402469566215109,40.19673735313805,0.4251137653678979,-0.7421384287373584,No,0.6975600345213362,-0.5444946407455842,-0.1976437879917742,0.8423210629642236
515,285.0,19.644054879201786,60.00000006537357,6.992210162282252,2206.777349785654,6.0,40.0,0.44609199756228324,-0.7320552836470153,No,0.7712476196763599,-0.5320552831240267,-0.20000000052298855,0.8800554244836951
516,400.0,14.622245358745534,60.00000008582192,1.0723521637001383,1997.0097486090137,6.0,40.570745971373604,0.44706998408422893,-0.611294018426176,No,0.666250835874055,-0.41810410111763074,-0.19318991730854532,0.41152630329082707
517,305.0,3.038968959452303,60.00000007595859,8.702110248482066,1778.2794100389228,1.7386240953011576,43.786850076697036,0.4285434842246466,-0.42839156745270857,No,0.7071924212083471,-0.2721757272435267,-0.15621584020918186,0.906130821128487
518,371.0,2.2626118342125228,60.00000000935005,1.430416657587561,2587.236443643744,0.38081978794674987,42.25820708526986,0.2690502049768123,-0.8853746235806074,No,0.7491748837067069,-0.7118746823224583,-0.17349994125814905,0.6833710489996433
519,388.0,4.7778375305716745,60.000000037926405,9.744772303572773,1778.2794100389228,2.480395313730992,40.67307810001849,0.3036105996922447,-0.5085062060359599,No,0.6417821281946002,-0.3165291423027376,-0.19197706373322226,0.9395702567039731
520,263.0,15.828116366224734,60.00000005527014,4.486795071981147,2084.9946841285614,4.230342344515198,42.868771536265925,0.4312320416898183,-0.7447334463192128,No,0.7759790498864692,-0.5781986636640094,-0.16653478265520336,0.8246321007498743
521,268.0,17.175249054714712,60.0000000056115,8.275650984619531,2032.1497766210398,5.71480426096641,41.069456970944685,0.2957608682192632,-0.6879758863090304,No,0.7669716966051693,-0.5006735736127438,-0.1873023126962866,0.9309889961427278
522,240.0,7.530468245109255,60.000000000945015,2.76725781198676,2286.6367102438235,2.915397928747803,40.302961080239804,0.23596316765666842,-0.6381837422885812,No,0.8100241328506308,-0.4418082942620518,-0.1963754480265294,0.8428599365440739
523,379.0,16.886528627398267,60.000000017138355,4.22605000428329,1893.483367254764,4.12696766250977,43.6156820533494,0.386437454959784,-0.7653337520989014,No,0.6664442033229536,-0.6072079005251695,-0.158125851573732,0.832438588343306
524,227.0,12.655880917383909,60.00000004998584,6.490992633133679,2242.2475124565503,6.0,43.660566642770476,0.27576373836202417,-0.5143955826122972,No,0.8161383183703871,-0.3567711943948908,-0.15762438821740637,0.9184945568533686
525,297.0,11.609060480746699,60.00000004339097,1.9605633398368534,2071.0088163286478,5.669511346130944,40.31941127831841,0.44355485615082757,-0.5399315878620136,No,0.7491563393243884,-0.34375231900685804,-0.19617926885515552,0.6310041187732849
526,209.0,7.556004264754467,60.00000007843763,2.192765970848386,2038.1368363231493,3.002456048860945,40.09238275225693,0.36138870285691105,-0.6301625289662895,No,0.8139855155932793,-0.4312700981620967,-0.19889243080419286,0.7170189365762671
527,320.0,19.118635448040894,60.00000005658566,8.257297399125893,2165.1088653551747,6.0,43.685239670179655,0.405254348099615,-0.6796159615298364,No,0.7424660106757414,-0.5222670425380957,-0.15734891899174067,0.9064353414732762
528,256.0,3.731620194644842,60.00000008579603,7.435353509308079,1778.2794100389228,1.6499342592305863,43.492680737522655,0.23391245525426493,-0.5463209946529831,No,0.7483138267666959,-0.3868187069844044,-0.1595022876685787,0.9390000408552494
529,251.0,11.317927201549368,60.00000000953619,7.6189836227399415,2365.334937797606,2.431602438456386,42.05287139637612,0.2623725653310698,-0.8221613574475873,No,0.8081285416680724,-0.6463002732280567,-0.1758610842195306,0.933419437195799
530,317.0,7.797915281930784,60.00000005281592,8.685170808447236,1815.1994599327923,3.425032520691416,40.0,0.405876572922279,-0.5896376284455018,No,0.7026544599068683,-0.38963762802297447,-0.20000000042252736,0.9107085122548032
531,289.0,17.283670114243193,60.00000000425518,8.228072184744757,1854.4172930426705,4.949486430407515,40.0,0.2443959235409654,-0.7547652965885372,No,0.7303371574559312,-0.5547652965544958,-0.20000000003404142,0.942308210448864
532,278.0,12.67918608074202,60.00000002114171,5.201170055834614,2309.82358729123,6.0,40.0,0.4236229800780488,-0.5575737216295226,No,0.7851476419294927,-0.3575737214603889,-0.20000000016913366,0.8493729538586257
533,258.0,17.01118140967239,60.00000008681169,1.6738271821261046,2111.5483666659516,5.2491975319285356,42.675597146976465,0.44122940230056373,-0.6971115222730995,No,0.7822369835286239,-0.5283820149064341,-0.16872950736666537,0.58277295695125
534,257.0,2.0900167025062606,60.000000088755435,3.180118623560198,2341.627656780209,0.7885855771159158,40.0,0.3023767991238855,-0.6521052236521864,No,0.8022032903948756,-0.4521052229421429,-0.2000000007100435,0.8263447543079135
535,206.0,10.486321506103094,60.00000004755003,5.1172732248419,2477.9199613930464,5.101916028299759,41.506163034374055,0.35028548762363343,-0.5276088693203739,No,0.8464931868586134,-0.3454146413871411,-0.18219422793323278,0.8718676813382855
536,368.0,15.38379896666681,60.000000004656194,1.442933228068892,1970.2427155010782,3.8768628070958346,44.44919376527544,0.44175611084209415,-0.7463159525957567,No,0.6852337034471302,-0.5974320246486033,-0.1488839279471533,0.5312159922363117
537,249.0,1.184490061597189,60.00000000743481,8.527823875773203,1989.7011481008838,0.3,41.064092548068444,0.3692990390968283,-0.7831861377306082,No,0.77754958475701,-0.5958208037078743,-0.18736533402273392,0.9169846156717453
538,302.0,8.234064688442482,60.00000009255848,8.805392654462574,2343.413034253718,3.983464459778566,42.628629929885186,0.365588863131563,-0.5171743400342509,No,0.7716802661137598,-0.34790997239264465,-0.16926436764160624,0.9202726856596108
539,284.0,6.069615501287495,60.00000008993116,0.3865867772698383,2220.35928492826,2.4541419020469952,42.36739434798302,0.21595926347427746,-0.5964125624614667,No,0.7731954822064315,-0.42416430080777856,-0.17224826165368812,0.28317755367680114
540,271.0,4.293635326175848,60.000000056350984,2.0083581236324264,2204.210463562725,1.967995482571993,40.0,0.3777734438929479,-0.5714112053967796,No,0.7810287214042132,-0.3714112049459717,-0.20000000045080787,0.6833590829321018
541,217.0,7.132468096515023,60.000000003290175,8.346006337457858,2245.3575293743606,1.9457300327417582,46.51632716875986,0.40059093611320284,-0.6979278878461086,No,0.823746147818643,-0.5713400379594816,-0.12658784988662697,0.9084007360614079
542,397.0,8.874936542508188,60.00000009287664,8.38606910832608,1915.7702446738554,3.5746725360454823,40.77049197451464,0.3638501426156104,-0.6165621757487286,No,0.6566887688785666,-0.425737384444722,-0.19082479130400665,0.9168334856172639
543,271.0,1.1855177576634865,60.00000003144847,2.569953587110365,2269.8491096667713,0.4415473610207357,44.39114222282449,0.3430106085092103,-0.6067696662013691,No,0.7866854832355304,-0.45724684777483654,-0.1495228184265325,0.7644937695938598
544,289.0,18.928338962314427,60.00000009614692,4.6188418045679995,2181.802377879694,5.779282401018011,40.80474191999281,0.3962242638240292,-0.7226064486378985,No,0.7660678955246888,-0.5321862581563754,-0.190420190481523,0.8419864231415519
545,364.0,5.216675245020215,60.00000005870361,9.188507586477051,2369.784392136126,1.8499458028112739,46.27812988487567,0.24528396445100017,-0.6055398837114808,No,0.7337024814048503,-0.4764270532437958,-0.12911283046768499,0.9479988585444482
546,330.0,10.12497869716567,60.00000007522545,7.075876057678362,1803.4448178782739,2.9887702681568107,44.964253720989205,0.3907295545798256,-0.6874239503608011,No,0.6906411665916089,-0.5441775992418024,-0.1432463511189986,0.8953394420783786
547,302.0,17.888110321183927,60.00000007127114,2.8123772348961533,2236.8782374207462,6.0,40.0,0.2767713178330521,-0.6976580472446093,No,0.762099658385506,-0.4976580466744402,-0.20000000057016912,0.820810612951242
548,373.0,13.006296317349115,60.0000000398296,8.252712287722249,2382.9734011508153,6.0,42.11983749595627,0.4128034720528525,-0.5437202810225196,No,0.7293152395126558,-0.368630279164579,-0.17509000185794052,0.9047250080672484
549,337.0,21.00050085807708,60.00000000769375,5.100751111877923,1778.2794100389228,6.0,48.44979285280898,0.32511934362317607,-0.6620666051051672,No,0.6813659714167039,-0.5555637999800195,-0.1065028051251478,0.8801595628610893
550,284.0,20.348804477602332,60.000000016245025,6.390557109850857,2297.8456131067314,6.0,40.46396470776409,0.41355994260083595,-0.7390295030988239,No,0.7800023374300347,-0.5445713671677006,-0.19445813593112324,0.8784383221473769
551,207.0,2.729811918211788,60.00000002404722,1.3263413030179299,2199.814714653715,1.1699703738803677,44.25861330247504,0.2790958644121772,-0.5509657390719496,No,0.8279884207623498,-0.3999816983359336,-0.15098404073601598,0.6523116941923823
552,229.0,21.682344688542123,60.00000008346505,0.4025756045817363,1997.587222469128,6.0,40.51156076078008,0.24420606664086517,-0.7604032230376742,No,0.7943040383155929,-0.5665107079976911,-0.1938925150399831,0.2448578013064403
553,266.0,2.015254277506993,60.00000003891566,3.7874209391995417,2100.968074531254,0.64736793031896,45.231721270831756,0.3223942726575041,-0.6540771107323533,No,0.775239892027122,-0.5137365500699103,-0.140340560662443,0.8431100883916246
554,245.0,1.4497968780554968,60.00000008965258,5.981031575176298,2422.8113513055387,1.0469883098860784,44.25174933729406,0.3008483700994876,-0.31239070905043964,No,0.8163288420824021,-0.16133088665969936,-0.1510598223907403,0.9042170901958301
555,348.0,23.107898428057897,60.00000003317298,1.8580785722222306,2308.876762609432,5.9747461789639535,40.0,0.28055328346201724,-0.7891194727413233,No,0.7380382824695155,-0.5891194724759395,-0.20000000026538384,0.737632933207894
556,267.0,21.690640326689593,60.000000075560926,8.717759641992782,2137.0721625866486,6.0,45.558796918006735,0.2622057807189705,-0.7034477711214474,No,0.7778768839345298,-0.5666405739114017,-0.13680719721004572,0.941602051149148
557,209.0,14.818219857683946,60.00000001399506,5.910114459382027,2052.249922297209,4.019235149964325,40.275034946146235,0.4059609574186026,-0.7699805907296079,No,0.8151464834212785,-0.5732719575619468,-0.1967086331676611,0.8714515167634779
558,227.0,14.761592341260233,60.0000000988478,3.56262302628208,2052.170436802846,4.888181666009261,45.69919463117453,0.2844587878019832,-0.63776663002767,No,0.8008047170720335,-0.5024694264472596,-0.1352972035804104,0.8521171102935284
559,352.0,18.02797507765442,60.000000072416356,1.7187847837267236,2660.7250597988086,5.722715896033797,43.589206814147566,0.43702108842673565,-0.6765229474456199,No,0.7663245115214684,-0.5181011026269841,-0.15842184481863583,0.5945635977044721
560,311.0,11.024655036243534,60.00000005007929,8.955470011090734,2213.0600473323384,5.61558117820648,44.18458580403647,0.23280144410429562,-0.4768617834917383,No,0.7535716312861148,-0.3250599203237231,-0.1518018631680152,0.9493263895740326
561,288.0,3.7641609439311576,60.000000097432334,7.5147152314008405,2087.6949982378496,0.73342765251616,40.87664621059723,0.419136034399869,-0.8634290510824716,No,0.7575446341271742,-0.6738573852239396,-0.18957166585853208,0.8943423514361614
562,386.0,1.5005574165939715,60.00000000536964,6.919620322397948,2070.3677325473573,0.3978480664105139,44.8314140237222,0.3654924789594737,-0.7255558551052126,No,0.6857148098100917,-0.5808608119052994,-0.14469504319991328,0.8996604475660632
563,280.0,8.794436306692331,60.00000004370882,2.9221868267041433,2091.466403710449,3.9691528139662493,40.0,0.3185990845819343,-0.5780506761518313,No,0.7638591889289211,-0.3780506758021607,-0.20000000034967058,0.8033815911921803
564,311.0,20.23173170345085,60.00000008386747,3.927000140335749,2287.778885121306,5.844460022061894,40.0,0.3654161440226805,-0.7517397574895153,No,0.7606568209549823,-0.5517397568185756,-0.20000000067093976,0.8297387206575199
565,355.0,15.835006319301765,60.000000034059276,1.712783315426343,2034.3081170834432,6.0,40.28000001322406,0.37969155612904193,-0.6470731726837506,No,0.702842846042529,-0.4504237908375502,-0.1966493818462004,0.6370885392312421
566,330.0,20.968621913720973,60.00000007690057,5.765354804100978,2034.857676258875,6.0,40.814397784188024,0.2499373465365896,-0.7453446164045281,No,0.7209134373599608,-0.5550384428840728,-0.1903061735204553,0.9168993490997446
567,229.0,23.07447404179323,60.00000009548584,9.652684331102327,2094.257223651753,6.0,43.06119777946561,0.32408867834202315,-0.7516235625894025,No,0.802862982481077,-0.5872668244058157,-0.16435673818358681,0.9350313617368601
568,298.0,3.1151171511492324,60.000000039670304,8.585400755639192,2167.1303036412432,1.2182849607966095,40.0,0.3679082831163012,-0.6377235582405116,No,0.7582277905879261,-0.43772355792314915,-0.20000000031736243,0.9178162439107673
569,347.0,21.26762463555273,60.000000077355494,6.5090609284386725,2445.271342378386,6.0,41.91613025542518,0.3808909042246197,-0.7373564027353228,No,0.7514568195908682,-0.5599176620484253,-0.17743874068689744,0.8894358296036484
570,248.0,6.839595395745608,60.000000002962565,6.809182936300611,2242.25044665355,1.9096834272594378,46.38116816703819,0.2740055446776096,-0.6914841496361908,No,0.8008232462455593,-0.5634649515939112,-0.12801919804227957,0.922632146408797
571,265.0,15.132910919269886,60.0000000273327,2.7639274347626754,2028.2285024929727,4.606972001337962,40.0,0.2781767767406911,-0.7332320847384314,No,0.7688847843013307,-0.5332320845197698,-0.20000000021866163,0.8171155506844259
572,211.0,13.575101032015159,60.00000009925859,4.154121245305868,2480.9549992654875,6.0,41.16956107413751,0.412999681268622,-0.57310385916366,No,0.8432366068098669,-0.38697634406208425,-0.1861275151015758,0.8191422176428391
573,381.0,10.498400724623991,60.00000004906035,0.2985183392452915,2052.7334545795757,3.593718482740409,40.0,0.22323782885935556,-0.6899676298371206,No,0.68690079903116,-0.4899676294446378,-0.20000000039248278,0.14428293327015762
574,311.0,8.446589484060672,60.00000003558112,7.825006276180369,1853.9831216456212,4.301047277543389,46.6205588852326,0.2679582726875475,-0.4506873454488699,No,0.7126998387279745,-0.3252008418535799,-0.12548650359528998,0.9337799465030325
575,200.0,9.148318747563135,60.000000094114284,7.698970011277329,1846.0970119833912,4.867326236869456,43.17767151582792,0.3740424683809487,-0.46848618194380964,No,0.804505848130701,-0.30544384617680087,-0.1630423357670088,0.9073350947187483
576,333.0,8.993646939835168,60.0000000431848,0.18809006209345316,2024.1893615167028,2.5720078110094398,41.07933624130253,0.3476875757475846,-1.040299915004061,No,0.7174601197200928,-0.5552335139830085,-0.1871862687011532,-0.29788013231989935
577,337.0,5.035184993096478,60.00000006796949,9.12400283671848,2210.2022897695765,1.1048663892661188,40.9735076294385,0.3711160333453682,-0.8285422182914611,No,0.7353959665052865,-0.6401116797035717,-0.1884305385878894,0.9218301448514941
578,375.0,13.25159882901156,60.000000066067194,6.50897838633274,2150.340091470216,6.0,44.34661613618963,0.22823436984344184,-0.5266884828836143,No,0.7030102984808826,-0.3766751475250786,-0.15001333535853564,0.9322466491401171
579,384.0,3.736639356125261,60.000000008569415,6.051305309895885,2063.4110048873613,1.276114271219655,40.03764895179572,0.39188217957247756,-0.6904013684450283,No,0.6861990084761648,-0.4908529857687944,-0.19954838267623395,0.8783576668495138
580,389.0,13.238849495751326,60.00000006186159,0.183790898437226,1850.2231226199838,4.839770819780404,40.825506510562256,0.2845751604421058,-0.8699439686796575,No,0.6525580715289739,-0.46458626429335953,-0.19017502815645293,-0.215182676229845
581,388.0,22.742145557921212,60.00000007980552,2.5986653694704493,1834.5655700861969,6.0,42.98675155052147,0.36907389208936026,-0.7476930528526191,No,0.6508539453484359,-0.5824946340273177,-0.1651984188253014,0.7512760660143847
582,371.0,9.385006371337127,60.00000007131085,8.070347135035314,2300.6195209589923,3.633410412647979,42.75959387160377,0.21364152880691895,-0.6095787405722704,No,0.722265841307502,-0.4418045645738275,-0.16777417599844288,0.9484206129495525
583,250.0,18.457098536173703,60.0000000082038,3.124051014007112,2044.043366605648,6.0,44.64922172736827,0.3229119902861003,-0.6560328406635222,No,0.7820442249355476,-0.5093449052326796,-0.1466879354308426,0.8126397121849516
584,293.0,20.654766436596447,60.000000015422096,9.67354198934693,2058.056226279838,6.0,40.216350211424206,0.36082932870581297,-0.7472084963116904,No,0.7507503251305694,-0.549799093961512,-0.19740940235017834,0.9280813282130294
585,310.0,20.56088813800034,60.00000007116772,6.463129081772624,1999.6966937141092,6.0,40.073686940657,0.3117670299784495,-0.747324286903518,No,0.7315664858994934,-0.5482078785297941,-0.1991164083737239,0.907964041120073
586,217.0,6.670452374721383,60.00000006339009,4.2956873265302296,2240.0333141749543,1.4685162864402617,40.0,0.3030846369188873,-0.8391394670471809,No,0.823364218345679,-0.6391394665400602,-0.20000000050712072,0.8681888820198984
587,370.0,4.514661238664665,60.00000007396553,3.8271069774829076,2110.133813525122,1.2498323108925582,41.375695661729395,0.3270844350798662,-0.7500844118313559,No,0.7016290024495873,-0.5663687364214123,-0.1837156754099436,0.842527990361386
588,284.0,5.734523267775598,60.000000031667824,3.552221072793605,2003.580544232725,1.4412882372560836,40.0,0.21356880332639194,-0.7982926153128516,No,0.7517027317652274,-0.5982926150595089,-0.20000000025334258,0.886574232576971
589,359.0,15.457575646555979,60.00000001065509,2.594787221850973,2150.0918377960866,6.0,40.0,0.3789783750707888,-0.6407569524240737,No,0.7138406856280437,-0.44075695233883305,-0.20000000008524071,0.7451188651431834
590,280.0,19.24516709312541,60.00000000051952,4.720310353422436,2161.887986010714,5.482043947694371,40.0,0.4074709714086003,-0.7565982804455217,No,0.7706692513300473,-0.5565982804413655,-0.20000000000415616,0.8410731871753415
591,369.0,16.73221625244974,60.00000003082675,6.804241948234403,2277.2662888963796,6.0,44.36107868315013,0.2351122968305622,-0.6219687871455885,No,0.7211165017305263,-0.47211482300117485,-0.14985396414441357,0.9332006065768347
592,231.0,5.251507094733499,60.000000035991754,8.26067713255957,2146.818698562791,2.4168847759446135,41.72894232271164,0.24688585013290082,-0.5492554697427058,No,0.8057042783458455,-0.3696501648054433,-0.17960530493726243,0.9419608527999949
593,384.0,19.548354141941445,60.00000002697664,4.03181014572399,2297.111020863193,6.0,43.490658137474895,0.3036175862820826,-0.6898273727048112,No,0.7135515858822065,-0.5303024244407116,-0.1595249482640996,0.8599365022091633
594,276.0,12.858808600417326,60.0000000132507,1.1128898193891417,2024.4751023411773,6.0,41.35910674909296,0.31262614923974097,-0.5476019792190687,No,0.7600495656578793,-0.36369257177070813,-0.18390940744836057,0.5613852722527729
595,329.0,19.10669980592766,60.00000001873918,5.163985802936188,1864.557920592092,4.918798585077182,41.373291926113914,0.4338270702079131,-0.7742788897713229,No,0.7000307154768949,-0.5905351468655665,-0.18374374290575632,0.8450012245713933
596,279.0,19.237051590585963,60.000000044884366,6.657318980009898,2101.8725432271763,6.0,44.78206223994296,0.24430060962553637,-0.6697428280217417,No,0.7656321412133832,-0.5245086393342282,-0.14523418868751353,0.9292048463544942
597,370.0,11.773726167881513,60.000000055474004,8.448511105849194,1853.346346569296,3.1667274278668303,40.0,0.3260275298382911,-0.7760868431126122,No,0.6671683648650393,-0.5760868426688202,-0.20000000044379204,0.9256878239700757
598,304.0,23.179702201255825,60.000000040804416,3.8048746552946078,1888.4076251766771,6.0,43.002604661510546,0.2683989699890278,-0.7537743103185888,No,0.7226793078905644,-0.588755227272897,-0.16501908304569174,0.8682146132668225
599,283.0,14.547802801667181,60.00000000262619,6.508686988639445,2660.7250597988086,5.432746942755183,40.0,0.38710671646947903,-0.6561964498437425,No,0.8077266088026972,-0.45619644982273294,-0.20000000002100948,0.8877267119569773
600,303.0,16.247159657454244,60.00000003539143,6.129596035916367,2276.934714790976,5.33999428449102,40.0,0.4338780193656339,-0.7052618519517705,No,0.7651103353407539,-0.505261851668639,-0.20000000028313145,0.8677901319602331
601,378.0,15.988522706605476,60.000000009306426,3.0549116699076446,2027.596118401718,6.0,40.0,0.4453338740587168,-0.6542607450950738,No,0.6857327819009421,-0.4542607450206224,-0.2000000000744514,0.7455413521909213
602,275.0,21.741924995953987,60.00000005980438,1.1702348527998503,2367.888646612557,6.0,42.55287352778017,0.28059534935346375,-0.7375698066768215,No,0.791894372581703,-0.5674416969352294,-0.17012810974159212,0.613193399286828
603,341.0,16.053217765594525,60.00000003244303,0.7319868335813883,2253.7134328662924,6.0,41.38978037004347,0.3869671808441467,-0.6394129567456543,No,0.7371578720943308,-0.45586171924890995,-0.18355123749674443,0.3083412260819072
604,232.0,4.622977633433845,60.000000038523794,9.884773561635495,1945.0158494982968,2.1924796746234687,47.6288607287374,0.33068249655230053,-0.4715581191236074,No,0.7868642067502949,-0.35661553567902377,-0.11494258344458363,0.9352583977320806
605,249.0,2.638870203898146,60.00000002918473,6.441887981585093,2224.0002599545055,1.216916349708682,40.200791855506154,0.27165388703977744,-0.5663797065139002,No,0.7986251728056182,-0.3687843801569676,-0.1975953263569326,0.9190728553256435
606,307.0,11.612993532070837,60.00000003877996,8.628766842493123,2001.2627154060838,4.0208916827359635,40.0,0.3883984870112912,-0.6856183699618488,No,0.7339990825559121,-0.48561836965160904,-0.20000000031023968,0.9138535287269404
607,370.0,8.26769044333631,60.000000008469954,2.685354388472319,2493.800841283694,2.432034813525044,43.94423506126617,0.38560318396821514,-0.6998675605603961,No,0.7416021430916627,-0.5454023808760011,-0.15446517968439502,0.7488710443747546
608,297.0,7.59216801966782,60.00000009011361,7.13982837816074,1778.2794100389228,3.2173325189004847,47.285323399319154,0.271909663626805,-0.5232340671938577,No,0.7137734817169226,-0.40472133612075045,-0.1185127310731072,0.9266272871238103
609,373.0,2.348130885113873,60.00000009052076,8.934500597041234,1897.6960154023259,0.3,46.45212758761393,0.33803114938326584,-0.900692374180178,No,0.6714663720111288,-0.7734250964056111,-0.1272672777745669,0.9270897833240397
610,391.0,13.176085246954676,60.000000097817306,3.058032007997966,2088.1344840459315,3.3417513258166713,46.46978283480208,0.41752952308033375,-0.7224569827239029,No,0.6845673338689634,-0.5953766328787456,-0.12708034984515726,0.7597340634905725
611,244.0,8.449788414551463,60.00000005719605,1.58430003390615,2330.3790889082607,3.319692349998339,42.96651194641711,0.35084674432216034,-0.6013087123215635,No,0.8104397281260739,-0.43588125654661,-0.16542745577495355,0.6373952112889628
612,357.0,11.845932728816374,60.00000001695829,7.67819644420587,1882.410909696983,5.963881385571065,40.0,0.3706647129253838,-0.5302702267346945,No,0.6811661509246589,-0.33027022659902816,-0.2000000001356663,0.9078963580836583
613,345.0,2.365361220014857,60.0000000380732,9.006901742980398,2160.3979509414376,1.1270011700807703,40.0,0.23251663252884305,-0.5545909366421454,No,0.7245946498276958,-0.3545909363375598,-0.20000000030458562,0.9496685563790094
614,277.0,20.960719159914916,60.000000013884005,8.073755244071945,2224.092272275157,6.0,45.049044802505804,0.23870142444957154,-0.6972315865122056,No,0.7784967767318535,-0.5549080152935405,-0.14232357121866512,0.9425677789446986
615,303.0,2.84154402816292,60.00000003011313,8.043401070082833,2213.5136604654163,0.9715259931701485,42.39241814051378,0.3226377352884191,-0.6623849828991886,No,0.7591906574876596,-0.4904232087348356,-0.17196177416435304,0.9228696536570508
616,340.0,21.74200081420574,60.0000000493124,6.04032968134116,1931.4141998598313,6.0,43.6318105483964,0.2549905038568894,-0.7253884887274998,No,0.7006270366532168,-0.5674428791071476,-0.15794560962035223,0.9189904575603832
617,200.0,21.52704091494617,60.000000006326715,6.639250204443178,2143.2249701472306,6.0,40.64085186517951,0.2552995202753632,-0.7564237678985661,No,0.8292950932599241,-0.564065021115857,-0.1923587467827091,0.9259416407252656
618,277.0,15.760201321973767,60.00000004346763,6.839481928835081,2093.86463520666,4.809132862134323,41.9578820267422,0.3881639223886292,-0.7093543884052986,No,0.7663299744012125,-0.5323978093710132,-0.17695657903428538,0.8925891139719002
619,273.0,13.169627616014923,60.00000004211024,7.240703656166846,1778.2794100389228,6.0,47.856071232871265,0.31141681157117307,-0.48660358523142544,No,0.733824657271025,-0.37400974915262236,-0.1125938360788031,0.9175286430078763
620,253.0,12.105079814254536,60.00000004842313,6.588465647578173,2129.552127508725,5.995198428748562,42.927760906061664,0.370637840192132,-0.5034235432282104,No,0.7876226949422129,-0.3375573183725963,-0.16586622485561406,0.8934811528975022
621,310.0,14.303592912119294,60.00000000769214,9.974944085825129,1934.7543080723176,6.0,40.0,0.42783398165715447,-0.6089716016918499,No,0.7238005078014863,-0.4089716016303128,-0.2000000000615371,0.9177462060842174
622,348.0,20.003627134368607,60.000000025169975,2.6683200998486907,2074.15689816893,6.0,44.22244146630715,0.21096291522762542,-0.6899094221165236,No,0.712652801093871,-0.5385259164810982,-0.1513835056354254,0.8534614943213327
623,355.0,22.501042373363266,60.00000002465901,4.243800292205282,2218.171601783187,6.0,47.17136323032066,0.33449370774106274,-0.6986648634767322,No,0.7240759226831294,-0.5789627676489806,-0.11970209582775158,0.8538784500318316
624,367.0,11.793608887621751,60.00000006250337,3.9439217179540376,2581.653298938666,3.3839781443895522,44.83289758756365,0.4162377139281578,-0.6987610396615102,No,0.751072803213523,-0.5540821953776517,-0.14467884428385844,0.8090722504848975
625,282.0,20.435582024751305,60.00000005938064,0.44965814778160007,2033.9767539152401,6.0,46.63348646787619,0.3616402898295863,-0.6714164158032258,No,0.7564742396284686,-0.5460663590170041,-0.12535005678622171,0.10849011149482357
626,319.0,16.644098911566637,60.000000019554825,7.109882697821125,2064.020475599817,6.0,40.59990464035385,0.28292884386682193,-0.6629046816336848,No,0.7322725479983916,-0.4700606084232222,-0.1928440732104625,0.9234583913653445
627,313.0,8.71664230913028,60.000000010697235,5.763220096964728,2169.6626169707993,4.308400521952639,41.06750143309598,0.26466198974779387,-0.5257688396796705,No,0.7478513609860494,-0.3384435540325309,-0.1873252856471396,0.9121874031573384
628,313.0,12.415096670633668,60.0000000304658,1.9801600880723722,2050.9428733926115,4.330555123436873,40.0,0.3683246830819282,-0.6827845252425949,No,0.7351881862095947,-0.48278452499886854,-0.20000000024372638,0.6863299369823944
629,372.0,4.620665840695326,60.000000094882346,7.292843778150946,1858.1396828632603,1.919030606356813,40.86723872298858,0.21814736119974426,-0.6027958595802334,No,0.6663886097731851,-0.4131132471074117,-0.18968261247282164,0.9419124967258043
630,254.0,2.484968802426417,60.000000033221724,2.3013956203650623,1964.0880387053232,1.7275942968520546,42.98332634082333,0.22162630535944816,-0.34502664718761444,No,0.7709739238770186,-0.17978947441857565,-0.1652371727690388,0.8243167821097663
631,330.0,3.484045054489399,60.00000006201922,5.392887505287711,2133.598985659116,0.9635666840460402,40.52755042940244,0.23409536508238668,-0.7604063941240109,No,0.7320992564772377,-0.5667037769068688,-0.19370261721714213,0.9167954228845948
632,321.0,22.579044014938564,60.000000080407645,7.870480847431558,2152.9655382186156,6.0,42.359350948067345,0.23601888436462076,-0.7524522940583912,No,0.7404975978516364,-0.5801119171891308,-0.17234037686926043,0.941770457738034
633,388.0,9.242506620118425,60.00000003295417,9.074612404500042,1931.514402635195,3.918385816927655,40.0,0.33838104694106974,-0.6045410166618914,No,0.6654472164008173,-0.4045410163982581,-0.20000000026363335,0.928103413927423
634,243.0,18.143573180019104,60.000000033473626,6.751497912027848,2482.6566637839856,6.0,42.72036736299931,0.33428801213861525,-0.6711934422385981,No,0.8216943438043682,-0.5029733208698769,-0.16822012136872125,0.9056454666521867
635,368.0,13.109176036022978,60.00000008154755,5.122417070507472,2276.282393214079,6.0,43.27388428955826,0.3614828758900218,-0.5339882524019162,No,0.7216636158495141,-0.372029438769174,-0.16195881363274214,0.868165765450375
636,221.0,5.141413874472758,60.000000085950845,8.469650518021492,2287.159705539163,2.188398171722262,45.20580652715756,0.24858155383658134,-0.5434988659406759,No,0.8237751770655346,-0.40287741133600236,-0.14062145460467348,0.9429743205301938
637,272.0,6.945849366358821,60.000000097422536,8.422323076504359,2264.5661789274877,4.001035517682496,49.96731634285486,0.3153163009223985,-0.36024262430155995,No,0.7855368393226727,-0.26900930080751645,-0.09123332349404353,0.9278257462222571
638,331.0,11.506198583421591,60.00000001361245,8.777298364986894,1870.5783479540464,4.74560663200809,40.3119151167626,0.3813973143335351,-0.6122588726813729,No,0.699306635798265,-0.41599021535127095,-0.196268657330102,0.9167136178146637
639,369.0,11.546123002302984,60.00000003206652,1.8932449922596077,1946.5289861669241,3.352267293887473,45.18174568933644,0.42502964771073043,-0.6908649955168651,No,0.6812823314202302,-0.5499826186263018,-0.14088237689056324,0.6333224369687548
640,362.0,13.545952846373094,60.000000094727895,1.0662703317458224,2278.7569273454806,4.2824488881133345,41.678842216422844,0.34604248321129927,-0.699779038354232,No,0.7258361826100469,-0.5195925072936218,-0.18018653106061022,0.509963402517444
641,358.0,4.809908991556993,60.000000020085146,1.3666469829909282,1950.2828623637345,1.5445806965974895,43.07273446067631,0.25538142605162995,-0.6780880228566275,No,0.6898127124390642,-0.5138616089103835,-0.1642264139462441,0.6851085657588758
642,285.0,9.948447570431851,60.00000003141833,2.660653320546058,2117.9359576584498,4.1663198912758235,41.30190833753033,0.38324319893785364,-0.5942288164190026,No,0.762790182491822,-0.4096509343736986,-0.18457788204530404,0.7481890750984979
643,223.0,7.789445886746029,60.00000009645746,8.102604304510454,2275.6214948026595,2.553506854681208,40.0,0.3516569165177153,-0.7062325209197028,No,0.8215015755976978,-0.5062325201480431,-0.20000000077165972,0.9168095455477425
644,392.0,10.810465533935687,60.000000096872526,7.652890361361095,2075.23040241346,5.536666141137611,41.37970444141582,0.2658086626483958,-0.5062820035204632,No,0.6822347847071412,-0.3226131346846467,-0.18366886883581646,0.9328655725284005
645,260.0,9.12081152419407,60.000000029144815,1.9123767344246911,2172.9795381551753,2.4081408437521725,40.0,0.34547262262348233,-0.7822446367107125,No,0.7862702945729277,-0.5822446364775541,-0.2000000002331585,0.6939808038609449
646,372.0,15.349260697191747,60.000000069495776,6.8291524559702905,2111.280590436521,5.151747968994727,40.0,0.3358673309795296,-0.6974151714015051,No,0.7003963213560105,-0.4974151708455389,-0.20000000055596623,0.906248038116721
647,279.0,19.94144635752795,60.000000049100734,3.4227613857306753,2345.378404055668,6.0,41.769134944373235,0.3833067068032252,-0.7165592112378125,No,0.787378222920263,-0.5374197785807838,-0.17913943265702875,0.7985812668169909
648,257.0,16.535328567263367,60.000000057587926,0.984068237992448,2470.762785655288,5.227599745794981,41.906517948636676,0.3255418174166077,-0.6971365350852944,No,0.811567192461524,-0.5195867329436289,-0.1775498021416655,0.5028416037704827
649,250.0,2.581884502713219,60.00000002424243,3.617305621586341,1925.3394913843936,0.773353889821178,43.89648505262878,0.3115551109597504,-0.6940127868650653,No,0.770150819226015,-0.539017023921796,-0.1549957629432693,0.8414018046611452
650,237.0,3.268142740362264,60.00000003760553,7.467678300493801,2325.397051305552,1.4103247179904503,43.87675312904818,0.38397995220870607,-0.5523148600534593,No,0.8150169585316628,-0.3970996996152989,-0.15521516043816044,0.9021913741402228
651,206.0,17.281104276161948,60.00000008164945,3.140144186188864,1938.6152451270461,5.483970118487046,43.698682141710115,0.2107021102096617,-0.6754108666912011,No,0.8078909487675523,-0.5182119747628787,-0.15719889192832232,0.8742394657516083
652,211.0,7.819527373074729,60.00000003929351,7.9020953243952325,2186.658441785722,2.677576247451983,40.7806314371699,0.31366086244872204,-0.6805497354603314,No,0.8239949474681206,-0.4898447525627778,-0.1907049828975536,0.9236440674929003
653,262.0,18.369607720059083,60.000000011388785,3.380039656010687,2660.7250597988086,6.0,40.0,0.40871806655434834,-0.7075833745201302,No,0.8207152608339867,-0.5075833744290199,-0.2000000000911103,0.7842469239349298
654,321.0,16.75753807385147,60.000000056385055,2.6795364305164657,2065.0191442903674,5.3348872488286005,42.582053920703686,0.2913241944977619,-0.6868344973876448,No,0.7309325863808444,-0.5170392411962296,-0.16979525619141522,0.8038789217879471
655,356.0,22.75222473192825,60.00000005922271,3.0111061043383933,1912.6308381176225,6.0,43.27071515452412,0.28822450193993143,-0.7446354629496574,No,0.68615431473603,-0.5826409917186528,-0.1619944712310047,0.8252830429351539
656,396.0,21.958711889452935,60.00000005456291,8.527017493292961,1988.2186779749302,6.0,42.814450484806976,0.3254592461176854,-0.73794678767294,No,0.6678157052805676,-0.570795677302757,-0.167151110370183,0.9264704656791106
657,218.0,9.000688865453359,60.00000006817126,4.758312019939734,2190.0932261883645,2.5966735841208894,43.16892631416206,0.2905557360537727,-0.7153367602504229,No,0.8189438866990545,-0.5521958384225172,-0.16314092182790574,0.8849026157562339
658,316.0,14.98574835007407,60.00000005500991,8.677294359956143,2238.6329279050724,6.0,44.84662014660414,0.38006391471873724,-0.5727123913217821,No,0.7526063360820014,-0.42818336521424816,-0.14452902610753396,0.9160762104814981
659,306.0,4.394281134023628,60.000000095300464,5.8773887354515475,1903.8939308409836,1.4160230763164567,40.18063217593275,0.21078608283379133,-0.710418444279936,No,0.7230636314897244,-0.512582121329728,-0.19783632295020792,0.9307555748232748
660,361.0,9.39569890086026,60.00000004616222,9.448579741600762,2077.8753975990294,4.189414750055176,41.62555982689629,0.34306732480761615,-0.5640397973488532,No,0.703961915926177,-0.3832344936219402,-0.18080530372691303,0.9299265338137938
661,347.0,24.224716184625873,60.000000070836705,0.8050358003003508,2259.597712865808,6.0,42.659641181629574,0.2046550089093092,-0.7718850974371064,No,0.7337525477849876,-0.6029739393846176,-0.1689111580524888,0.5946184573681444
662,249.0,17.763519107485145,60.000000043845496,8.90531800855684,1971.9260340569956,6.0,40.0,0.31230084040486417,-0.6950242875481857,No,0.7757692096164516,-0.4950242871974217,-0.20000000035076398,0.9322382828966631
663,383.0,10.406991624048649,60.00000002913312,5.054726007477774,2542.7864068456706,3.106915245535075,41.11434880565102,0.40511329503262433,-0.7269651131085456,No,0.7381900475688399,-0.5401899279729491,-0.18677518513559657,0.8516024840341525
664,378.0,15.280989475637796,60.00000006928353,8.688227771512476,1918.069607248726,4.527613456264655,42.02327672082646,0.28566781864008295,-0.7190661049485738,No,0.6707416893576323,-0.5428639291897992,-0.17620217575877462,0.9363335987653885
665,298.0,23.51205278957826,60.00000008189656,3.8785252760753126,1878.4958960980816,6.0,42.35666935022837,0.4148979230026514,-0.7657575592397793,No,0.7261653462942519,-0.5933864687231238,-0.17237109051665545,0.8067286154825115
666,326.0,8.429965297983061,60.00000007956569,3.053721962792886,2197.6479878300993,3.2334753418608795,40.12751872799017,0.3189672963723693,-0.6440083478149237,No,0.7416438413185322,-0.44553662307589126,-0.1984717247390324,0.8108528406489993
667,302.0,10.040303345351203,60.00000004091416,0.6352135093614938,2072.625762724384,4.81527183529179,43.71709815178645,0.23258221019429107,-0.5087153450479855,No,0.7456441307589298,-0.3517219257095947,-0.15699341933839087,0.4639701373190747
668,262.0,19.999886988725045,60.00000004993032,8.556973726993103,2269.298659416279,6.0,40.0,0.36230793377663345,-0.7384595327349543,No,0.7929916337407474,-0.5384595323355118,-0.20000000039944257,0.918758494785472
669,237.0,20.51643481155522,60.0000000633336,1.459916065813927,1935.9409748052008,5.356626357304919,42.64176898898747,0.39738889628773866,-0.7550449123869629,No,0.7818624594519908,-0.5859302212177385,-0.16911469116922434,0.57208007904306
670,367.0,17.08279359987334,60.000000024202116,2.0829362488719205,2491.2936093912,5.806310756994653,41.8233742232181,0.37417690078936666,-0.6711685624924179,No,0.7432034282313154,-0.4926572340736925,-0.17851132841872536,0.6954337240505616
671,376.0,20.895015349467148,60.000000065866296,4.150999282845831,2200.541899562842,6.0,41.42804614585811,0.4191915782983061,-0.7369253865529444,No,0.708135932069418,-0.5538206673588031,-0.18310471919414129,0.8165540166550671
672,201.0,18.73059213110759,60.00000007152364,5.737095520937195,1993.9875616518775,6.0,46.65181250586123,0.3444967864501115,-0.6399277071643606,No,0.8168554542070081,-0.5147710197805698,-0.1251566873837908,0.8867083589172357
673,392.0,17.449946566661833,60.000000078907675,9.075547251610663,2130.8284338371873,6.0,42.36334757293315,0.23869464514045338,-0.6605663596495223,No,0.6892376867627313,-0.4882717550810934,-0.17229460456842885,0.9487463074748548
674,397.0,13.633440153620176,60.000000007396515,4.629957187309259,2289.4660997979013,6.0,45.470599896025846,0.2914110236091179,-0.5265557143127013,No,0.7044444372256432,-0.38879789246779856,-0.1377578218449027,0.8815731678184112
675,227.0,16.50459569760371,60.000000099070064,3.2321962307222183,2066.9781792434233,6.0,41.96305536994484,0.29255324221978674,-0.6436724432084056,No,0.8020905324610657,-0.4667755794751842,-0.1768968637332214,0.8340005470087489
676,399.0,11.161752791730489,60.00000004792347,7.1851177154893575,1905.9876973797786,4.6424796615161315,42.7773211289246,0.3763736519927713,-0.5800744793576793,No,0.6537942476191366,-0.4125017237945726,-0.16757275556310675,0.900449889128658
677,308.0,9.68387431232283,60.00000004008051,7.811517656594765,2079.635106141847,3.7490817678878945,40.55925446248696,0.24044877942703405,-0.6351346484198872,No,0.7420041285138467,-0.4418083785130515,-0.19332626990683574,0.9402757621166064
678,256.0,9.702344055569066,60.000000050661264,4.9270503729062645,2215.2349581717817,2.828624647939978,43.3668747540857,0.3742643521811151,-0.7094520473704452,No,0.7928161390292174,-0.5485385503918976,-0.16091349697854765,0.8588031944566556
679,245.0,5.3263101490442715,60.00000009203922,6.347224445400682,2082.8099267053876,2.701762848248312,40.0,0.43146544694946226,-0.526921206071775,No,0.7895017138733873,-0.32692120533546115,-0.2000000007363138,0.8726994585085304
680,378.0,6.140623869013608,60.00000006917089,1.8505602389782614,2173.405706640468,2.532657442339349,40.0351945461142,0.20943883457126972,-0.6155641405404194,No,0.7036927533585187,-0.4159863259538906,-0.19957781458652876,0.79666123421076
681,332.0,23.744038420824324,60.00000005436452,6.381539794611443,1778.2794100389228,6.0,41.48143615311714,0.4364289644614019,-0.779040090435863,No,0.6853497234341338,-0.5965578099980334,-0.1824822804378296,0.8719768365378223
682,318.0,12.670502100945454,60.000000079072095,0.14666366409753911,1873.2678642283565,6.0,40.0,0.3642210556767107,-0.9831193077659304,No,0.7097570724316884,-0.35727491766853264,-0.20000000063257675,-0.42584438946482095
683,212.0,6.437033116813294,60.00000003595295,2.8079258357948462,2167.2549869368418,1.4419046305335714,41.15225312135392,0.24237072295327552,-0.8203154879996472,No,0.8217929552200387,-0.6339850175820682,-0.18633047041757897,0.8410838301881391
684,342.0,4.301568476249903,60.000000089550156,7.635813484028493,2099.5167115905474,1.122413019455915,40.0,0.44920428595680156,-0.7861294813038506,No,0.7198462755741687,-0.5861294805874494,-0.20000000071640125,0.8888798271725707
685,263.0,2.8519620232210317,60.0000000536906,1.769196990170786,2147.437749616698,0.7759067336587251,40.0,0.21715429298426472,-0.772252038385791,No,0.7817823753865275,-0.5722520379562662,-0.2000000004295248,0.7813535855155042
686,231.0,21.2662813284612,60.000000063818035,7.668388987843004,2078.3935195350173,5.770420852474701,48.165595175669125,0.2870238120620606,-0.6825517297207658,No,0.799947477079168,-0.5731416639605155,-0.10941006576025032,0.9278418809227634
687,316.0,3.4273783280294596,60.00000000849819,4.946813197237163,2271.5920673622936,1.4251309912568315,42.53219249601026,0.26527687641798475,-0.582985145787529,No,0.7557574828074658,-0.4126210183285376,-0.1703641274589915,0.8982071020764418
688,234.0,19.500993288714422,60.000000076895404,7.659334754344444,2007.4186472397726,6.0,41.246326947692765,0.4367538662944156,-0.7146582769771177,No,0.7912036644397845,-0.5294300945794667,-0.185228182397651,0.8921074393427401
689,318.0,21.042875839229342,60.00000006576016,0.9716093032145416,2278.934462086463,6.0,41.13481314171143,0.44151386390827646,-0.7427952566113832,No,0.7550958604134289,-0.5562602116971458,-0.18653504491423745,0.3751233095877715
690,370.0,22.208371971821478,60.00000003550088,6.183349413378113,1981.9039273004712,6.0,41.42741711509964,0.31471210733353094,-0.7577064351682028,No,0.6853612975384688,-0.5745943788607403,-0.18311205630746247,0.9031366181035896
691,335.0,1.90593981658147,60.00000006469998,6.3715266529556835,1876.8450344599453,0.5895694565640403,42.280455425759186,0.44854950834136886,-0.7007403582168463,No,0.6970854695688071,-0.5274956796125972,-0.17324467860424902,0.8684620236686439
692,343.0,9.082344927142758,60.00000000442967,4.09359545593971,2230.2071042718712,4.147840341262237,46.461031487963155,0.32912605430120956,-0.5001462014902962,No,0.733406611981932,-0.37297320375887794,-0.1271729977314182,0.8511658246900194
693,352.0,19.391382506733798,60.00000009836082,9.656745617287328,2514.395078478743,6.0,40.0,0.21900720513342226,-0.7273987158108677,No,0.7543953360491995,-0.5273987150239812,-0.20000000078688657,0.9556474915742698
694,281.0,4.145176994308192,60.00000006774719,3.8948325585292607,1816.1841067345608,1.9173495555808795,44.64009161600434,0.2672689456171997,-0.5142630689420864,No,0.7320216197541821,-0.36747508161726333,-0.1467879873248231,0.8715701933982459
695,393.0,10.041276899740591,60.000000039961776,0.47348065290188607,2411.709074703175,5.103015492320145,43.00834154850709,0.4181856246020745,-0.49103489539014017,No,0.7197570303853411,-0.32608069625024455,-0.16495419913989562,0.06201314291552983
696,313.0,4.893933090122811,60.000000075268275,2.074201087158358,2437.779496669725,1.593571477849335,44.161293240439385,0.2389988921190397,-0.660785331350803,No,0.7724281423655088,-0.5087259018771062,-0.15205942947369674,0.7933608038560517
697,356.0,20.95228136053901,60.00000009657168,3.793703913730973,2485.880982317469,6.0,40.41370100987647,0.3353684886507561,-0.7498247147088563,No,0.7494617105958514,-0.5547686728452876,-0.1950560418635686,0.8375574676494851
698,384.0,19.50634752954372,60.00000004304555,0.2393634753738581,1907.2542411564557,4.708779540704711,42.26323875176846,0.4463403323311121,-1.086375833252898,No,0.66481240440067,-0.6110877694719937,-0.1734422017169337,-0.3018458620639708
699,329.0,20.417049271343227,60.00000000105478,3.289910025095884,2450.828764541996,6.0,46.30771664372582,0.2555231957699533,-0.6745464879230488,No,0.7632947725438721,-0.5457479040621922,-0.12879858386085666,0.855857843117095
700,309.0,4.9729399778574095,60.00000002587384,8.348963799008983,2035.4635029063631,2.610361907447384,43.065952033742875,0.3351919863979568,-0.4758530763881692,No,0.7364002471209796,-0.3115500485333859,-0.1643030278547833,0.9228037831930141
701,340.0,11.504161723320323,60.00000005106762,1.986709428410005,1927.4739246545419,5.240098285551499,43.111117282570866,0.3150176475116075,-0.5378951703683537,No,0.7001068049311303,-0.3741021361618762,-0.16379303420647742,0.7262771500522283
702,314.0,10.860606675916804,60.00000005187978,6.7998066026033905,2069.6324136550575,5.1665575075624295,42.5881476713562,0.2813590499788566,-0.5250006711342736,No,0.7365365580689407,-0.3552749009849034,-0.16972577014937018,0.9205331258205335
703,240.0,17.232710132524787,60.00000005805183,6.304200593849064,2001.9232235763884,6.0,40.0,0.2914810377804817,-0.6834868631012225,No,0.7858981097335311,-0.4834868626368079,-0.20000000046441466,0.9116145823707783
704,390.0,6.700724834726201,60.00000005752354,2.563348916471231,2162.0760117479563,2.792192760670084,44.24540201263518,0.4135815218102049,-0.5628612894909464,No,0.6943664701171005,-0.411731381293314,-0.15112990819763236,0.7221423003427899
705,321.0,11.660769035326615,60.00000004457785,6.965894996986933,2090.9189556482384,3.5596187595180484,42.578536311832224,0.2674872767256341,-0.7020918665756105,No,0.7338219020599499,-0.5322564960238745,-0.169835370551736,0.9260408847192462
706,315.0,7.838270381520598,60.00000003911342,3.509062763226877,2203.854875645453,2.2465265795673623,40.68416327248661,0.4397869801866673,-0.7463184497598674,No,0.7498863447468114,-0.5544726208697008,-0.1918458288901666,0.7772581846548066
707,266.0,18.964876434290474,60.000000077234226,1.3764149242401973,2331.9735496568437,6.0,45.88766594284458,0.3292517437301251,-0.6526011467740921,No,0.7952250129450819,-0.5193246787507662,-0.13327646802332593,0.6139319013346001
708,392.0,11.77427111280017,60.000000058858994,3.8971497154461674,2102.954351015022,5.544583721905155,40.724972972124135,0.3419586298013279,-0.5510684442216004,No,0.6857657937985737,-0.359705503068905,-0.19136294115269542,0.8386648313979985
709,263.0,13.816267592758269,60.00000005004658,5.927839812863913,1887.1206763586085,3.976709320176929,41.093729325398314,0.3124637047659479,-0.740019607418711,No,0.755362568350898,-0.5530023627147037,-0.18701724470400727,0.8998562477343649
710,363.0,8.42722951750695,60.000000034496736,1.753499853956263,2154.1849079250114,2.7059334360637135,46.556765677665226,0.2644287063631048,-0.6400570418124557,No,0.7115825707860044,-0.5138967340461216,-0.1261603077663341,0.7379206463867533
711,270.0,20.406972906178872,60.00000000245627,8.256053913776663,2214.0054522241994,6.0,45.60448514199315,0.36228273797489374,-0.6818899444115254,No,0.7826091728114045,-0.5455745706774228,-0.13631537373410266,0.9159274573240846
712,396.0,12.256374520774065,60.00000001045493,3.052202309591974,2369.8467511336544,3.759047860597691,41.199687020135514,0.3218734360760904,-0.7163459173115387,No,0.7136500785246406,-0.5305714990108528,-0.18577441830068603,0.8092079370243304
713,399.0,21.042721425416975,60.000000041597545,2.979195138913917,2079.212501358158,6.0,40.0,0.24189388387013344,-0.7562576782778183,No,0.677993715404686,-0.556257677945038,-0.20000000033278037,0.8498061480703445
714,333.0,9.828182997400788,60.00000009617279,7.305535923323447,2034.8111764685898,4.617394668149752,44.839716253258736,0.41222519298470217,-0.5053229804418937,No,0.7187275714302149,-0.3607185846002957,-0.14460439584159804,0.8931749281242606
715,324.0,23.73112408585895,60.000000011606936,6.004062194293474,2220.4030459813516,6.0,40.49582973567467,0.36116107328879704,-0.7904619658169909,No,0.7453233672929861,-0.5963825664530601,-0.19407939936393084,0.8865205325543973
716,360.0,24.626555044757854,60.000000094067616,3.4445679969585363,2267.25402227475,6.0,42.5317077933112,0.34672994338150265,-0.7785528214444095,No,0.7259496059781064,-0.6081831605786835,-0.17036966086572605,0.8170916932208158
717,261.0,12.080319482583741,60.00000001416752,8.890943033986712,2319.462884197877,3.619844035566721,40.0,0.4351093343344989,-0.7388781740403908,No,0.7977107118274787,-0.5388781739270506,-0.20000000011334015,0.9066894936570418
718,270.0,7.76252158489061,60.00000003118903,9.955176857296491,1847.8046641418744,3.7312238403539775,40.20077389781673,0.21594809989779004,-0.5483339291768653,No,0.7450189768947337,-0.35073838817435327,-0.19759554100251206,0.9575370274563296
719,312.0,10.164938420577052,60.00000004553326,3.4930551086498434,2298.7054117374996,2.360414871873022,41.46053231103035,0.2656130660662468,-0.8058239832337096,No,0.7609841396909236,-0.6230980768748754,-0.18272590635883423,0.8586663926052425
720,219.0,13.659034923075584,60.000000020686734,9.023699383830794,2034.211758015395,3.699442961250897,40.0,0.26184912982879804,-0.7737595214895101,No,0.8056108137897409,-0.5737595213240163,-0.20000000016549385,0.9436007190219076
721,382.0,24.190435676942737,60.0000000482926,3.656583775029661,2056.0716164546193,6.0,46.935687514144085,0.41509220435334815,-0.7246929350070344,No,0.6866375889683712,-0.6025231259194869,-0.12216980908754746,0.7961074474220573
722,273.0,20.60538974994976,60.000000047616254,1.9654177355196076,2165.4193982092474,6.0,43.05428811736878,0.26810360690307855,-0.7133983769044622,No,0.7760844584811877,-0.5489635704350972,-0.16443480646936492,0.7599274277699372
723,260.0,20.23022137963714,60.00000004381659,9.486035101698732,1778.2794100389228,6.0,40.0,0.3589627841064589,-0.7425124394824513,No,0.7448828666772088,-0.5425124391319185,-0.20000000035053275,0.9270771231705346
724,269.0,4.321564830482349,60.000000069676325,9.190233547530191,1961.081984112314,1.3876697006517456,40.438355689436435,0.2867920750410327,-0.7086485911187616,No,0.7587532638562833,-0.5138859007860391,-0.19476269033272245,0.9394763533490958
725,285.0,7.00007707813617,60.00000003189095,4.093577280561141,1798.6219340190808,2.5441905838135326,41.08993459528493,0.200023086598732,-0.6539270096513083,No,0.7264378961011742,-0.46686520665037484,-0.18706180300093347,0.9068273385997295
726,281.0,16.388296868906732,60.000000030026406,2.3613410198746725,2285.3931875854028,6.0,40.31593090510689,0.2020792776490933,-0.6602264471822995,No,0.7810156281903323,-0.4640056780439688,-0.1962207691383307,0.8423362116276448
727,338.0,21.97880668125369,60.0000000810186,7.298971398549582,2573.67933898747,6.0,40.0,0.25780384837978965,-0.7711039388286067,No,0.7678315771423245,-0.5711039381804579,-0.2000000006481488,0.9317688193824354
728,220.0,14.308977890186348,60.000000011508526,1.3989371865301077,2183.2212779023184,3.391576352030912,43.83250373206227,0.2986880199050458,-0.7724905016324944,No,0.8169124066744035,-0.6167830333875391,-0.15570746824495532,0.6481107622897975
729,235.0,3.4621535619618244,60.000000084918,7.367358531184058,2285.042388230333,1.6896887951700335,41.09947991510844,0.25989045373464015,-0.5309945643815008,No,0.8134952006382514,-0.3440448375401301,-0.18694972684137068,0.9318521122757314
730,238.0,21.301414641602523,60.00000006479699,5.937959064512493,2326.8023292280127,6.0,41.16135970516787,0.2711692136683632,-0.7466860132990375,No,0.8144106488926682,-0.5604623365664677,-0.18622367673256976,0.9126546589087993
731,259.0,21.427985154034694,60.000000067713934,1.7729489447124567,2097.8159946494206,6.0,44.802372115878775,0.35922317738708665,-0.7075028999058961,No,0.7802119464667613,-0.5624906484159015,-0.14501225148999458,0.6630448605309024
732,298.0,7.841512337423882,60.00000001643541,3.7292553688585,2265.3709946058257,3.355488412891256,42.89241703253847,0.20484884931174907,-0.5669118425909023,No,0.7674936631278969,-0.40064513922680295,-0.16626670336409938,0.8958599783068155
733,377.0,19.314803927000582,60.000000098390046,6.540349763200125,2355.6515625574752,6.0,40.0,0.3817767676118837,-0.7259690726944525,No,0.7240775185789383,-0.5259690719073321,-0.20000000078712038,0.8896937910878959
734,239.0,7.546991190192559,60.0000000243913,0.4698979341566931,2443.067562055523,2.61833482861755,42.944824600930446,0.2778941713007639,-0.6505227829711375,No,0.8217792844734816,-0.4848498073209782,-0.16567297565015934,0.25676088508379236
735,380.0,22.727349015477788,60.00000001744532,8.777786962234815,2333.7884524855685,6.0,41.88743282623139,0.43791101043315195,-0.7600499657712363,No,0.7199486941202387,-0.582279590311845,-0.17777037545939137,0.9049641141166053
736,254.0,4.536367743798504,60.00000001601357,2.6323128218603995,2468.637242956081,1.2288846374175837,41.06112673376084,0.24804807323161318,-0.7610928623255319,No,0.8134162010329209,-0.5736926829356359,-0.18740017938989592,0.8277659763717288
737,216.0,11.499341444679539,60.0000000559849,5.393860998519021,2318.0181050751767,5.2680198066401696,40.0,0.3928063332568336,-0.571634006815394,No,0.8295197658079938,-0.37163400636751476,-0.2000000004478792,0.8642374580270586
738,306.0,23.713918312282257,60.00000009584626,0.5810109196591989,1972.097595452282,6.0,41.24440224786715,0.39274899194754714,-0.7813995669900913,No,0.7313547930423514,-0.596148852740172,-0.1852507142499193,0.19333505668867743
739,304.0,6.328912165767535,60.00000002318556,9.94733431320494,1778.2794100389228,2.367263784972062,42.41655486882973,0.3572910635326748,-0.6272476986829036,No,0.7080122883275136,-0.45556212330990614,-0.17168557537299753,0.930654235264244
740,284.0,11.827071765297013,60.000000040504744,6.653502166795158,2278.6543041581335,3.4426286205203325,40.0,0.35963000301050596,-0.7490902203629483,No,0.7783548100583174,-0.5490902200389103,-0.20000000032403795,0.8974409737894699
741,338.0,9.390041875327574,60.00000001844518,6.570319422167452,2246.343794523403,5.375310479046286,42.45483001443928,0.28112837190752415,-0.443150029642008,No,0.738424894771144,-0.27190217340746536,-0.1712478562345426,0.917936068300589
742,319.0,1.640084579270525,60.00000006404789,0.29544348849003715,2300.8775622621556,0.46764068925479324,44.731010236458054,0.20223246397233552,-0.7020527427086554,No,0.7564771693188923,-0.5562602999185177,-0.1457924427901377,0.1872926028603903
743,306.0,2.2781652921057876,60.00000004321345,6.928522508936519,2469.1700421112696,1.0312319025964263,41.978947688397106,0.23942461404934376,-0.5534991115613532,No,0.7794729725698509,-0.3767856549541684,-0.1767134566071849,0.9331957644381703
744,215.0,13.04817075263765,60.00000000291923,4.226078095277485,2175.307760756782,3.110308194670566,41.84601927572491,0.35628308255235164,-0.7932739223598544,No,0.8201068468840765,-0.6150246313637459,-0.17824929099610848,0.8444980355210306
745,252.0,6.658673772722383,60.000000061410695,3.864512252983385,2390.694206714448,3.223924777571874,44.77269304952865,0.44541892774095837,-0.49289184873072656,No,0.809285539462168,-0.34755524851793546,-0.14533660021279113,0.7933057818959887
746,307.0,24.86860842971899,60.00000001973245,5.518095608816363,2216.623625221031,6.0,40.0,0.2482413247625396,-0.8112555568402623,No,0.7566990600881608,-0.6112555566824027,-0.20000000015785957,0.9138998197219573
747,299.0,9.997904162026423,60.00000005922032,4.7965237494445985,2046.2945288374133,2.6414012896061387,42.255680312696946,0.2736786491102242,-0.7555627306228676,No,0.7450213639919953,-0.5820337913797374,-0.1735289392431302,0.8920442903075301
748,397.0,1.6765010926756017,60.00000003888358,1.61595827143192,2132.833595578316,0.8409369474563888,42.28055201812614,0.3831006025306782,-0.5051540809654897,No,0.6861453649015626,-0.3319105105662914,-0.1732435703991984,0.6167190396235965
749,349.0,23.339821713998873,60.00000007047356,6.982401089287,2056.0889701472015,6.0,43.38095996471065,0.27391816530268365,-0.7517548873523371,No,0.7097820460432782,-0.590999559677813,-0.16075532767452405,0.9245021737075783
750,378.0,21.140230902678535,60.00000002057845,6.340082267613076,2161.4084917638447,6.0,42.884418006392934,0.2947608924166443,-0.7242093342132556,No,0.7022928755054721,-0.5578519562699928,-0.16635737794326275,0.9111475930004277
751,205.0,16.59905642306036,60.00000007523255,3.0810529020922437,2128.4545350825424,6.0,43.88106935616706,0.36457235434495494,-0.6241715408749184,No,0.8242948410454044,-0.46900437897243136,-0.1551671619024871,0.7883853714713448
752,395.0,19.993135299572227,60.00000008087298,6.650479303298149,2447.6836000027997,6.0,43.568226892047626,0.33786695181230364,-0.696996155281745,No,0.7220935879043232,-0.5383396476916162,-0.15865650759012875,0.9033056063685374
753,347.0,4.30239010542092,60.00000000625638,6.658581362300079,1987.1579864661535,1.7301806580789358,40.0,0.40879833947457284,-0.626386949856785,No,0.7026765094633994,-0.426386949806734,-0.200000000050051,0.8843140296050821
754,297.0,7.885105535518436,60.00000001017521,2.772773780418172,2103.0105876932066,2.4194434066566233,40.953011306466536,0.22468839666213306,-0.7190843778534705,No,0.7525010918510452,-0.5304125546428948,-0.1886718232105756,0.8500809128600969
755,322.0,20.914277995667742,60.00000008719793,6.095779935547642,1804.4747357726876,6.0,41.691791050967446,0.29158850502357403,-0.7341762525112556,No,0.6971513514050791,-0.5541399995224995,-0.1800362529887561,0.9086983919163124
756,201.0,17.705727725823607,60.000000018695985,1.4579188775001086,1975.4700292556747,6.0,42.240301010468336,0.32285137535706854,-0.6674986889708303,No,0.815297249860372,-0.4937932242034521,-0.17370546476737825,0.6374025511274507
757,290.0,4.33102460363647,60.00000003259849,8.32346193266181,2175.5411257816613,2.045320608591436,40.0,0.30398830067743826,-0.5584661621401265,No,0.7647575236384995,-0.35846616187933855,-0.20000000026078793,0.9295299787409425
758,276.0,17.932868206937933,60.000000045755044,1.13865094531096,1955.893195327775,6.0,40.0,0.2101632880685857,-0.698597498324045,No,0.752676337220996,-0.49859749795800473,-0.20000000036604035,0.6883732646533431
759,392.0,11.766435375573918,60.00000002623534,7.2157856227100625,2268.6735696172973,6.0,47.397860062801314,0.3329152628506181,-0.4419097671295561,No,0.7053377727532476,-0.32456906822748854,-0.11734069890206754,0.911795349187189
760,299.0,1.1260287593348304,60.000000086263654,1.265572227528669,2300.598914486676,0.3,42.50412789720712,0.24472447290722926,-0.7499356843505228,No,0.7699645138842187,-0.5792511223407097,-0.1706845620098131,0.6759253028406967
761,307.0,2.9014185104973107,60.000000052771504,1.2287242715740545,2112.4686309687568,0.5064555726811428,41.44119286065108,0.3663105886933859,-0.8857246960332283,No,0.7462252694079551,-0.7027733065719481,-0.18295138946128015,0.5406864165564802
762,337.0,7.142174282489073,60.00000006391086,1.1520107122333105,2288.271255056865,3.7715968686854984,42.502431620465195,0.28437821764039223,-0.47954103337337606,No,0.7432646250547543,-0.30883709829675354,-0.17070393507662251,0.6040373025356068
763,391.0,21.039114382777143,60.000000059697086,2.066601950892194,2531.7416505953324,6.0,40.0,0.2811635271550231,-0.7561984827901657,No,0.7324429958286889,-0.556198482312589,-0.20000000047757668,0.7604841456405736
764,388.0,14.171301890652051,60.00000006113084,2.0775189228489492,2660.7250597988086,5.1514879310606565,41.241082349850515,0.35210334256425974,-0.6520862515299648,No,0.7454673724985847,-0.4667966708128231,-0.1852895807171417,0.7101579553524737
765,339.0,18.453634847798362,60.00000005870047,2.7036397645759456,1992.5179630315677,6.0,44.425665749405326,0.31187494724956233,-0.6584181893148262,No,0.7092023262310931,-0.509275407329459,-0.1491427819853673,0.7931530918907294
766,354.0,13.666516141281383,60.000000034792464,5.279146465166549,2660.7250597988086,4.917736206644644,40.0,0.32940233971008226,-0.6707630834977241,No,0.7651527134460318,-0.47076308321938437,-0.20000000027833972,0.8825356251072766
767,256.0,3.668484647781722,60.00000008455178,2.0965645808236753,2284.9647588796142,1.237128357377186,40.58959598759446,0.4054849806117786,-0.6885937336558816,No,0.7985017311984461,-0.4956274145244723,-0.19296631913140927,0.6758777389052618
768,324.0,7.914437872941533,60.000000061736266,7.064023827437958,2081.6252245952082,3.5543589707980594,44.84459148942447,0.431480612552933,-0.5247199865659791,No,0.7306313579626527,-0.38016881470208314,-0.14455117186389588,0.8848694931722413
769,256.0,8.22762867006928,60.00000008137383,3.023976889906068,2144.137398378052,3.0035062074898105,40.0,0.25824853713855855,-0.6651464457371216,No,0.78667887915667,-0.46514644508613096,-0.2000000006509906,0.8426381472700429
770,269.0,2.1459867188524306,60.00000007059884,0.4901165055228297,2313.012601641972,1.312642024021733,45.61047361264233,0.38356648846939495,-0.3771975004796966,No,0.7916354088830275,-0.24094655910890797,-0.1362509413707886,0.12195500860851483
771,311.0,11.075813050082633,60.000000029744484,5.0139116623441184,2057.1734685215292,2.8184069329829518,42.98325671731807,0.4269139105367736,-0.7595430835957487,No,0.7373503215588679,-0.594305123077358,-0.16523796051839068,0.8430701720471716
772,324.0,20.053578607346516,60.00000006144845,2.1561704442889886,1889.357715921558,6.0,45.53671379770485,0.21961934898071345,-0.6764557513777236,No,0.707232140860612,-0.5394106820850986,-0.13704506929262503,0.8151188715408526
773,207.0,11.970726799274768,60.0000000084752,9.337931012053586,2451.7381031854657,4.419439122207041,40.42013983997088,0.41744662853030495,-0.6557000520487299,No,0.8442870324444587,-0.46072063658432,-0.19497941546440997,0.9144171258335173
774,299.0,3.66058948696036,60.000000013394775,3.3729758003473442,2318.9933617802785,0.9304539813643768,40.0,0.3943546545360118,-0.7946655754675684,No,0.7715807806352304,-0.5946655753604103,-0.20000000010715818,0.7906450420218197
775,286.0,22.723525255887964,60.00000001178616,0.12710619066818765,1994.2294569974674,6.0,43.63354560236939,0.2551992937050713,-1.0752045221262883,No,0.74914805251521,-0.5822239821506536,-0.1579262227536992,-0.3350543172219355
776,371.0,15.321737027654727,60.000000030538004,6.749168011405529,2307.5996103898606,4.028037067713237,40.0,0.34878304782371006,-0.783660558981526,No,0.722989581152069,-0.583660558737222,-0.20000000024430403,0.9017228930114419
777,373.0,1.394448452941466,60.000000018304455,9.078112438270942,1979.99409675235,0.46352137164230717,41.925861123222816,0.3428601476276573,-0.6783716479082303,No,0.6829571306491401,-0.5010453178418586,-0.17732633006637175,0.927213428443502
778,303.0,13.369017525025745,60.000000069343656,8.368798436106088,2173.996428924439,3.4380558812273083,42.51014333701866,0.39345628413906414,-0.7614957519698016,No,0.7553488600453343,-0.5908798875182893,-0.17061586445151225,0.9101929134221617
779,385.0,6.80651522610384,60.00000005108249,6.723317111966237,2186.2623123455405,2.9616647220101044,41.16561670282851,0.35399920939855045,-0.5797834737478261,No,0.7005361933308175,-0.3936097128141159,-0.18617376093371027,0.8999623039795726
780,242.0,4.445844165910241,60.00000004182391,1.5765304774009847,2010.949342732202,2.0953886474245595,44.43159768956049,0.2808529102890528,-0.5084066415037878,No,0.7851704914887068,-0.35932913344623646,-0.14907750805755135,0.6975821877697101
781,319.0,11.30173343448001,60.00000001378673,0.9918184684016523,2189.774221008512,5.043369185661955,40.52253235501577,0.3484692872602676,-0.5766514664614647,No,0.7456925399434597,-0.38288926012039304,-0.19376220634107164,0.48000825078317433
782,232.0,15.755429986622817,60.000000038371,5.165882934950123,2257.7665861216888,3.7529660065063655,48.278169370407745,0.4475397955678329,-0.723502709413173,No,0.8136371487245424,-0.6152460706838069,-0.10825663872936603,0.8405465552648524
783,359.0,6.773541731357045,60.00000001857537,7.263279807294942,2013.7538892542862,1.8444035658200548,44.510676283195,0.38943344564826554,-0.7201701606618185,No,0.6973980305114348,-0.571962108781496,-0.14820805188032252,0.8982234319315465
784,336.0,10.997622285004955,60.00000006355017,1.102775738070278,2300.306570216217,5.639371273562245,45.12824529040826,0.4316824237772767,-0.4635314461120422,No,0.7450979307217348,-0.32206846703282427,-0.14146297907921793,0.437348720857254
785,206.0,16.94491124180822,60.000000069343294,2.6333318172315825,2372.9851784855778,3.897986342687228,44.83674460110317,0.20568702878780049,-0.7706018646262525,No,0.8402472401016539,-0.6259650245955389,-0.14463684003071353,0.855099920117687
786,300.0,3.054734919694282,60.00000006452601,2.3884868362682847,2255.030811357682,0.7584299523317244,41.8202107868521,0.2646645008563996,-0.7807524233235316,No,0.7651691723900682,-0.6022044795934793,-0.17854794373005223,0.8004904604173646
787,351.0,24.39170778285332,60.000000099989954,9.88779271450028,1822.4076963211935,6.0,45.820163929427196,0.36588208549991075,-0.7391548341313874,No,0.6770049166623286,-0.6051554560296781,-0.13399937810170923,0.9286339595049565
788,344.0,2.624303749812305,60.000000055491256,3.0306195692333406,2143.3792091085916,0.8080167418681763,45.1693446413568,0.35449119409784946,-0.6701886446058212,No,0.7234036541430446,-0.5291717403274498,-0.14101690427837127,0.7905585850023973
789,369.0,13.625426687732093,60.0000000489642,4.696345836637869,2399.507534398421,3.5836681497222562,40.80988393356724,0.3650250933323412,-0.7738740963026144,No,0.7334303805099224,-0.5835146260077942,-0.19035947029482014,0.8557603865107395
790,206.0,13.175864717914878,60.00000001402965,1.088108259070413,2526.3987197787014,6.0,43.377254842164824,0.25779215503445424,-0.5350102870454079,No,0.849216735091514,-0.3742133574404544,-0.1607969296049534,0.6169223928712335
791,221.0,24.719955654315218,60.000000031458,1.82954790855937,1778.2794100389228,6.0,42.542081216555914,0.24660434685437974,-0.7796256988394314,No,0.7789203461104044,-0.6093744361146444,-0.17025126272478713,0.7624409807023188
792,364.0,14.299646858036692,60.000000045100094,0.49050074769006646,1942.734249323582,5.061173604378076,40.32085890392273,0.2618480349374378,-0.6733356521978544,No,0.6844023102299382,-0.47717364414350605,-0.19616200805434833,0.3039184990159504
793,309.0,10.370889581441538,60.00000000536112,2.976615054653027,1947.9478632749208,3.7670256628598335,40.0,0.35630774256275255,-0.6671030915855796,No,0.7261788763240382,-0.46710309154269064,-0.20000000004288898,0.7861890213236254
794,234.0,12.283241875803665,60.000000035903916,8.035801416635428,2267.654078731123,4.291778607422197,43.54988631294492,0.35644809092894075,-0.6410006943680143,No,0.8129237755216034,-0.4821389678805485,-0.15886172648746583,0.9150530282476335
795,318.0,16.25609899524712,60.000000000958345,3.195800358931366,2431.2806550717414,6.0,40.0,0.23792704519217114,-0.6608219525626654,No,0.7686667605845414,-0.46082195255499864,-0.20000000000766674,0.8614176274409864
796,246.0,24.544946141237446,60.00000001365347,7.4115479383425455,2060.7458242308953,6.0,40.578311786890794,0.4401514233611429,-0.8002364794950496,No,0.7867125216693346,-0.6071363182467916,-0.19310016124825807,0.8878837808008897
797,212.0,7.087606265661106,60.0000000815216,1.040484856272745,1915.830393578461,1.9825030115272244,43.488687029444186,0.4274338483910428,-0.7223961789853878,No,0.8007359979067967,-0.5628491452659132,-0.15954703371947457,0.4176328061860315
798,266.0,1.389813546614743,60.00000009638291,7.60621964792826,2582.1673772272793,0.3,40.0,0.33533845671275375,-0.8449312411425237,No,0.8132132246673272,-0.6449312403714604,-0.2000000007710633,0.9155484472205061
799,297.0,19.924480390708368,60.000000050543804,0.5543019622248107,2237.0571257174934,6.0,42.164644744406914,0.44892145005800216,-0.7116916808436183,No,0.7655932875499739,-0.5371170484751185,-0.17457463236849982,0.10504191875568121
800,283.0,9.275259835921393,60.00000004949698,8.534787378237432,2097.9085710576783,5.461020089052729,48.18009507239477,0.27937405271048477,-0.36809465144654346,No,0.7622756258344838,-0.25883328535341743,-0.10926136609312602,0.9366079110533285
801,254.0,18.5905845148154,60.00000006846967,6.6672147721593555,1778.2794100389228,5.050231761885343,43.250126995641324,0.3913587531422962,-0.7349793561711097,No,0.7500343715088514,-0.5727531822272475,-0.1622261739438622,0.8891110925629775
802,316.0,16.078167099415754,60.00000004156304,1.7880715359281159,1908.8223606563834,6.0,42.716634108986334,0.4334421310977982,-0.6247392008739802,No,0.7159323768152246,-0.4564766202753511,-0.16826258059862906,0.609777659681855
803,283.0,19.51603297863662,60.00000008398918,3.639521301953669,2501.6453633443152,6.0,44.675919352909126,0.39061187093324135,-0.6761029313790299,No,0.7967425197296064,-0.5297074584420298,-0.14639547293700012,0.8061543605749217
804,286.0,18.64448763549547,60.00000004886995,4.433373716141154,2192.2669776915977,6.0,42.9588006700614,0.2580456335673339,-0.6785904379678807,No,0.7691935513207725,-0.5130756955678643,-0.16551474240001646,0.8899925100136836
805,394.0,8.980446600927635,60.000000008267065,6.255889629991822,2044.2319407922948,3.837624547562493,40.0,0.378004781994165,-0.6012165320847568,No,0.6768149958104714,-0.4012165320186203,-0.20000000006613652,0.886038348361049
806,297.0,2.064056519084996,60.00000000308607,8.796907820234988,2109.619049931928,0.9563968902430606,40.0,0.24831495736962753,-0.566719653908822,No,0.7531807121626494,-0.3667196538841334,-0.20000000002468857,0.9450947835172309
807,271.0,14.104329884984596,60.000000076105664,1.020218022830481,2463.986678150932,3.692227961643104,40.0,0.44706085436573917,-0.7850626859367555,No,0.8018271882894746,-0.5850626853279102,-0.20000000060884532,0.39062592488209935
808,392.0,20.524212773346115,60.00000002920899,8.168146466411313,2286.803799492593,6.0,46.761489416813944,0.4167822506596508,-0.6715839846409708,No,0.7073320561406917,-0.5475831798462021,-0.12400080479476867,0.9029037364443371
809,307.0,5.202139049241002,60.00000002748529,1.9104072610060632,1948.108614986614,2.0313916963268004,40.0,0.38383294497491516,-0.6383402056385172,No,0.7277293005225627,-0.4383402054186349,-0.20000000021988232,0.6653942826263088
810,264.0,19.699422243478757,60.000000053760864,4.067697391379454,2145.7566871451804,6.0,45.993057304749335,0.34845145034819724,-0.6652130575379764,No,0.7808907418675877,-0.533063432854215,-0.1321496246837615,0.842192162068578
811,220.0,12.150949593928905,60.0000000168209,9.626868308482564,1778.2794100389228,5.80955686039597,40.0,0.21060397900227443,-0.553074271712579,No,0.7798105721404448,-0.3530742715780118,-0.20000000013456717,0.9571833144027856
812,320.0,17.689342047905534,60.000000045732136,2.7911475984268823,2225.526129116294,6.0,43.17570855666128,0.33942523745335235,-0.6565075488252241,No,0.748578499085302,-0.49344308610458154,-0.16306446272064254,0.7831545501429518
813,204.0,16.161660346200108,60.00000007425183,3.9185833486172115,1857.0948677638712,4.236593899200194,40.0,0.40690525190143767,-0.7846121102155501,No,0.8020469574781638,-0.5846121096215355,-0.20000000059401463,0.8118569764106429
814,391.0,20.475944364342556,60.00000007659196,8.521648622562182,2215.015511125092,6.0,40.6176334131768,0.3292424125665345,-0.7393922719639764,No,0.6999250400998619,-0.5467583767791324,-0.19263389518484397,0.9256024255050054
815,338.0,2.514412888773391,60.00000005497262,8.019001059794606,2355.9671452096295,1.4094285450943203,45.96780597782397,0.4344606144248098,-0.41402720482461186,No,0.7490689516380878,-0.28160779743586456,-0.1324194073887473,0.8972111943797445
816,213.0,19.628569592882123,60.0000000113211,6.523580190335411,2346.0813397589386,6.0,43.25787691927381,0.24471964473590388,-0.6939114853921104,No,0.833534013404932,-0.531772541713261,-0.16213894367884937,0.9276865237358902
817,289.0,11.984309858736477,60.00000001142067,7.989404614650529,1869.5252282054328,3.467429982902438,41.72651277821846,0.4267906157513517,-0.7308257678908684,No,0.7322245797976886,-0.5511922905201257,-0.17963347737074264,0.8985787273066924
818,257.0,8.04262170820075,60.0000000775113,1.2192599081386968,2434.2443808695193,3.901993581100448,40.0,0.31234960450618043,-0.5466522808998133,No,0.8090102839958626,-0.34665228027972295,-0.2000000006200904,0.5921289311310218
819,366.0,2.0513506158189543,60.000000082328285,6.99208174788557,1964.4985090126738,1.0264329752723271,40.0,0.2946696578531449,-0.5330051032633955,No,0.6859041114297408,-0.3330051026047692,-0.20000000065862628,0.9191218029968535
820,217.0,5.78727600916452,60.000000036686174,0.6805993170852561,2078.9079896008593,2.183387367444806,40.0,0.364882585150511,-0.6521441282585054,No,0.8109680344483446,-0.4521441279650161,-0.20000000029348938,0.30198201543191106
821,399.0,2.005742606329168,60.000000082261096,9.43042318119901,2356.9539105781,1.0984427448370662,41.766069581483116,0.3921576055902356,-0.4714577104003589,No,0.7104450851166055,-0.2922827598394637,-0.17917495056089514,0.9201518187322699
822,366.0,23.400903518809535,60.00000000416105,1.6780144350734327,2196.161295601108,6.0,40.0,0.25071292631986153,-0.7918492779875229,No,0.71430370084165,-0.5918492779542345,-0.2000000000332884,0.740022429983314
823,210.0,13.369206142107972,60.00000007189802,4.218674394645876,2009.3818451286006,5.022244967229055,43.925644276695124,0.4206757301342986,-0.608521756418769,No,0.8107581167603616,-0.4538500592071991,-0.15467169721156987,0.8186488543352906
824,393.0,24.73894485510696,60.00000005463533,5.948427999604352,2107.8532965160507,6.0,40.256818578657786,0.21985122934210402,-0.8065418197353456,No,0.6857072739552617,-0.6096157478220556,-0.19692607191328992,0.9287155392348687
825,207.0,14.032736743700461,60.00000009897757,8.042421362046449,1998.7863080360344,5.680165422722597,40.0,0.21222969998575741,-0.6237108907694912,No,0.8123118279899865,-0.4237108899776706,-0.20000000079182056,0.9485793649202396
826,263.0,7.079530364862817,60.00000001024164,6.8160920488671355,1988.6999337945354,2.0378998968035202,43.67385113650702,0.3667491357365487,-0.7104422203300911,No,0.7663987140979341,-0.5529661673702639,-0.1574760529598271,0.8978818753440714
827,251.0,19.07898205165276,60.00000008300707,1.8944795493192912,2201.3530972017434,6.0,40.0,0.3680226238153512,-0.7215116802336357,No,0.7952986457893005,-0.5215116795695791,-0.20000000066405657,0.6746764461176498
828,205.0,5.5864823376138615,60.00000007513455,3.859532713247287,2175.1664644268285,2.2758673523948065,41.21444291648423,0.24435481683591986,-0.606673505471955,No,0.8277431406047758,-0.4210719588606094,-0.18560154661134565,0.8809154417392304
829,359.0,9.567380224848721,60.000000029770895,3.6501292567882566,1881.2432435286357,5.1746763086238685,40.0,0.294734837897615,-0.49797090451810905,No,0.6794990891841419,-0.2979709042799419,-0.20000000023816716,0.8505728811825723
830,239.0,19.740197607482198,60.00000009993127,0.38528067275509326,2298.9620789710993,4.995277686558391,41.87216788922691,0.23363644726951274,-0.7740510260216683,No,0.8116599125098893,-0.5961041680277005,-0.17794685799396778,0.24501539960560742
831,261.0,21.779158649873384,60.000000044973234,6.876194920476582,2060.9862834870314,6.0,41.229081021161335,0.22732555860908155,-0.7534515781949984,No,0.7751924704670998,-0.5680214742553157,-0.1854301039396827,0.9359963670750643
832,232.0,8.966192473152269,60.0000000348577,8.401511117816407,1875.4779488166441,3.5940261582913458,40.0,0.37216356956358626,-0.6277128030968067,No,0.779831622788491,-0.4277128028179451,-0.2000000002788616,0.9151635813215404
833,321.0,3.9874001978652016,60.00000008167286,9.737101344231155,2660.7250597988086,0.9858383964841495,41.66241769676968,0.4487560838893878,-0.7839198916176453,No,0.784688397781612,-0.6035426904294235,-0.1803772011882217,0.91188643920138
834,371.0,9.832460183552152,60.000000043906994,1.3934877625293172,2342.2599362993597,3.766508496581028,43.990064904886665,0.35796440187420897,-0.600016076468488,No,0.7265282289864123,-0.4460596850872164,-0.1539563913812716,0.5912370213135485
835,229.0,22.347676408294756,60.00000009939577,9.211940057817216,1994.5046723677256,6.0,43.36307322839702,0.20599669937954398,-0.7376410753126771,No,0.7940188722372716,-0.5766848814286343,-0.1609561938840428,0.956254388898475
836,344.0,18.83938493247091,60.000000077563165,1.2180810458002975,2112.0664546339926,6.0,46.41810444273265,0.44974675181253265,-0.6445239288876375,No,0.7198772864219886,-0.5168962503450244,-0.12762767854261312,0.46067963076732826
837,255.0,22.47129987892128,60.000000023694604,4.171714210978226,1968.2502143417921,6.0,44.16217847699612,0.27040667581263467,-0.7305725699473014,No,0.7706061167968946,-0.5785229318284763,-0.15204963811882508,0.8782533466764856
838,319.0,10.279474438256612,60.000000081070276,0.555126021258733,2122.762948440843,4.880073092599041,43.16620295582392,0.2015328156088232,-0.5193432952865809,No,0.7387133749378142,-0.3561716690203096,-0.16317162626627124,0.467308631606984
839,379.0,24.369366023567416,60.00000005879239,2.68996738556205,2044.8369770387087,6.0,43.91822739540324,0.28262870802325246,-0.7596190903447425,No,0.6872726973057087,-0.6048649816829338,-0.15475410866180872,0.8098438542436698
840,265.0,12.908877436888543,60.00000003506308,3.2109556542513222,2135.6144346265996,4.2232664483208735,40.0,0.3614130551661437,-0.7069774717962654,No,0.7792231887156681,-0.5069774715157607,-0.20000000028050466,0.7976619522988274
841,396.0,12.940561419847056,60.0000000710754,7.075224947158169,1858.6082309082292,6.0,40.43740029379879,0.3034882663335464,-0.561213109921048,No,0.6487194585992632,-0.3664390545770369,-0.19477405534401115,0.9177395143156862
842,294.0,23.183451199047127,60.000000063277064,6.8114963180996275,2428.0101733200827,6.0,41.89830083655797,0.27887571035917325,-0.7664528172539797,No,0.7839831732580168,-0.5888080570679107,-0.17764476018606898,0.921336790442069
843,242.0,13.46262048483861,60.000000016598165,7.698534311070113,1987.7213263346587,6.0,45.22192637582582,0.4424033231088983,-0.5238802018350778,No,0.782932515250403,-0.38343348937271804,-0.1404467124623597,0.8913139141979158
844,355.0,20.22755409764257,60.0000000139235,5.808825180421457,1999.0656499849256,6.0,43.875238747969355,0.4106014437339631,-0.6976979156471905,No,0.6983941378166125,-0.5424659136980446,-0.15523200194914583,0.8679616406633878
845,355.0,18.44995178422326,60.000000020661965,5.693621034305175,1946.0091540717422,6.0,44.217815743533,0.27862484959855677,-0.6606360960470686,No,0.6914397325436007,-0.5092014861254982,-0.15143460992157046,0.9066934432992787
846,391.0,2.894248145331229,60.00000002069427,9.781166019752906,1830.1127935757304,0.44956038668920856,41.63376970052957,0.31297658240321546,-0.9118186939471473,No,0.6479242286740999,-0.7311087746895785,-0.18070991925756882,0.937988476141329
847,383.0,15.458879171925453,60.00000000593578,6.731459146321724,2246.9240768647987,5.202982429874106,40.4289070696383,0.42833846154176464,-0.6912435716787412,No,0.7087368389306627,-0.4963684753922708,-0.19487509628647037,0.8803490028625033
848,229.0,20.73619070895728,60.00000003508155,3.44917635350739,1808.3732324496923,6.0,42.35859967617265,0.24755291964880355,-0.7235191484302282,No,0.7752007375451228,-0.5511701674098358,-0.17234898102039242,0.8660692188381716
849,399.0,14.091385536271288,60.0000000281085,5.2787214347242735,2413.343285886928,5.5115684172802935,46.17196863081512,0.4055346294907358,-0.5679216369147752,No,0.7162508560016225,-0.43767980781470645,-0.1302418291000687,0.8573130327313148
850,241.0,8.709074277150256,60.00000005387685,7.035743824545788,2446.394670885291,4.556926380288747,42.39128326320216,0.3148421026535112,-0.48496644890418117,No,0.8206441334345513,-0.312991684840085,-0.17197476406409617,0.9143355085508207
851,279.0,2.921653865799886,60.000000032365364,1.0428971706717778,2060.624441414354,0.3787858865858516,43.55899621882364,0.2217689728984418,-0.9292231670635178,No,0.7615001834812954,-0.7704633836675585,-0.1587597833959593,0.6492845577847507
852,227.0,16.86206131499528,60.00000007040538,6.650961302175035,1885.4687856584749,6.0,43.64716347338247,0.2781202000053231,-0.6328870335127353,No,0.785085581816782,-0.4751129465246788,-0.15777408698805653,0.9197237902547957
853,348.0,8.35590054617806,60.00000002893332,2.5609122490220053,1969.8142672003285,4.20382999003336,41.493812257860604,0.27978744762537455,-0.512924047301713,No,0.6997170956063301,-0.33058595836699783,-0.18233808893471518,0.8030151177503331
854,206.0,15.462919065534395,60.000000026734305,3.5229199258292865,2265.25729380825,6.0,41.408127015483174,0.20381417937259755,-0.6242332924440475,No,0.8332832437026009,-0.4408961817654221,-0.1833371106786254,0.890620487741206
855,279.0,11.226785749193091,60.00000008580169,6.795326126738669,1952.4664620488804,3.2509145536700963,40.640951868089985,0.37608842403442194,-0.7432648910415371,No,0.749940225636348,-0.550907328420498,-0.1923575626210391,0.8951145770832956
856,347.0,17.55435540269167,60.00000009854883,3.910278512326472,2213.5319043937056,5.884113032951883,43.448107903240796,0.28468472313243354,-0.6579116516983428,No,0.7289625648447726,-0.4979097675167424,-0.1600018841816004,0.8642730783783422
857,373.0,9.437127610527812,60.00000006792993,8.406426910174893,2019.2648858172463,3.7469110914337165,43.57615518418236,0.3066164363025068,-0.5901667112665769,No,0.6881616227271793,-0.43159889376291816,-0.15856781750365875,0.929618980622547
858,296.0,2.0165239084031086,60.000000009522516,5.627607943351661,2153.8449824082163,0.3,42.4946226564622,0.374841374989294,-0.911784362948275,No,0.7583520572725955,-0.7409912335359367,-0.1707931294123384,0.8751038600712757
859,301.0,21.88089220135341,60.0000000962772,9.879137085138625,1991.6779653711687,6.0,42.099427750981164,0.44342047222477193,-0.7449226082488096,No,0.7374249636919503,-0.5695977046452807,-0.17532490360352895,0.9140870913510253
860,383.0,9.461423447403575,60.00000007856911,0.6402045407539909,1912.4283207961369,4.354671634795541,44.10452340854615,0.4299222605276841,-0.5223110492170844,No,0.6662932172352375,-0.3696233836134826,-0.15268766560360175,0.1965022088732427
861,250.0,24.955614346553176,60.00000009187687,6.469647293912448,1913.211222502456,6.0,41.843400253594446,0.25594861347921505,-0.7906277795465302,No,0.7688621458696079,-0.6123481877743393,-0.17827959177219085,0.9238881975653879
862,219.0,7.589328641796582,60.00000009924862,1.6535809956872383,2144.1965572946838,3.366118939336971,40.0,0.37490365527060704,-0.5854894726921913,No,0.8146578207183032,-0.3854894718982023,-0.200000000793989,0.6303608655913877
863,351.0,24.5206547006627,60.00000008670476,8.503571190282408,1946.0881018804923,6.0,43.950306494532846,0.2878602051709817,-0.7612213887669731,No,0.6943957006153515,-0.6068236373795926,-0.15439775138738054,0.9345134615234894
864,376.0,23.749705086474073,60.000000012688815,8.533524399316056,2155.693346623656,6.0,45.630549850805366,0.2318485004975454,-0.7326696408896892,No,0.7029656056082423,-0.5966346568774596,-0.13603498401222958,0.9470989989478997
865,360.0,2.800987959715823,60.00000008660788,8.707214782666403,2420.381143499252,1.7032227432172908,40.0,0.33318639148208284,-0.44371977512163796,No,0.7410426978029915,-0.24371977442877488,-0.20000000069286306,0.9262894676765345
866,262.0,16.30030090919916,60.000000024967726,0.8411659005221495,1852.5031406951803,5.677561505065606,43.729042013671474,0.4434729328050737,-0.6401983494056853,No,0.7521876463953959,-0.4833381519960216,-0.15686019740966373,0.3095757012786608
867,226.0,9.719467135623576,60.00000007113949,4.967314815329573,1985.145682673878,4.985730163128583,43.003283621069784,0.39683169264756296,-0.4869205137587685,No,0.7955810856146717,-0.3219091098421838,-0.1650114039165847,0.8520429328104941
868,378.0,20.22630341349208,60.00000008284818,2.4848289853025882,1919.6567229990515,6.0,42.40446738249929,0.43271581476909815,-0.7142679725043148,No,0.6709691258782907,-0.5424440947393822,-0.1718238777649327,0.7033698918635517
869,397.0,17.305854587552556,60.00000007614736,9.704435982955662,1921.9270738312962,6.0,40.0,0.24404350055015778,-0.6851079182390652,No,0.6576002717117941,-0.4851079176298864,-0.20000000060917886,0.9509385326763207
870,277.0,23.866945510710586,60.00000006762345,0.598472073812785,1994.2808944675014,6.0,44.2908721633247,0.3928358447176697,-0.748846059900402,No,0.7560847707786998,-0.5982180368696665,-0.15062802303073553,0.2074393084642729
871,375.0,4.426707240701193,60.00000004894587,2.3047945793711104,1955.104162186431,2.224936162610679,41.25162206141153,0.4258140011783475,-0.5161777916539136,No,0.6781259772969785,-0.3310115928635389,-0.18516619879037474,0.6881178765704571
872,353.0,15.581749679700527,60.000000057742554,6.468841416750194,1778.2794100389228,6.0,40.0,0.3328139552688286,-0.6439746467211813,No,0.6687435740829933,-0.4439746462592409,-0.20000000046194044,0.9021373659600649
873,230.0,19.751487273843196,60.00000002687172,4.092442235271057,1925.4052091411527,6.0,42.0328564741057,0.42830106630839204,-0.7100992404966893,No,0.7865830526672557,-0.5340074974159308,-0.17609174308075853,0.8105174137364743
874,344.0,1.8351751791650084,60.00000004142251,2.426499999913743,2357.776544558358,0.9268051917578197,44.1508436929368,0.28606615660766,-0.4810585945894751,No,0.7453527378547647,-0.32888357823617903,-0.15217501635329603,0.7890807891118781
875,400.0,2.6136007134906114,60.00000004519917,4.64503648800753,2134.6403100803445,1.4472148041412702,42.58658773270255,0.29230572339347694,-0.4569730320616435,No,0.684373361846107,-0.2872294750364662,-0.16974355702517738,0.8815938977377334
876,210.0,19.684368964164772,60.000000063362776,8.032486748494549,2233.501731899865,6.0,44.94610320881298,0.28981115763950777,-0.676233843708927,No,0.8281155300538942,-0.5327897673194703,-0.14344407638945678,0.9303530921607844
877,288.0,9.791883354571565,60.000000088012506,4.536175998087202,2379.9751279640614,2.678848368983706,41.83532603447431,0.2956974037103963,-0.7487513320840586,No,0.7841059333864379,-0.5703783180703377,-0.17837301401372102,0.8776054837859004
878,336.0,10.188505640530664,60.00000000930948,8.58023331936237,2221.168325870652,3.288886192660886,41.02472025725352,0.24705670951944136,-0.6997683427414927,No,0.7372093212631199,-0.5119402576749076,-0.1878280850665851,0.9440243361867341
879,309.0,14.613871401378868,60.00000005156135,4.525974387146601,1806.972399763377,6.0,42.90362944789697,0.23356936203614387,-0.5840073448093009,No,0.7079356989395943,-0.41786771798734923,-0.16613962682195169,0.9018522050243786
880,369.0,15.52227589251485,60.000000027822566,1.2751978353309652,2108.86070493256,4.691913330417572,42.23524360821796,0.30918377893972215,-0.7095437367931691,No,0.7021624345021097,-0.5357802107546584,-0.17376352603851067,0.6097104685451129
881,294.0,17.29748936592148,60.00000009363361,5.023996145858361,2196.8140695488496,6.0,40.0,0.3511073781741988,-0.6849230406731449,No,0.7639326005146173,-0.48492303992407604,-0.20000000074906885,0.869357910371636
882,217.0,23.771764702373357,60.00000003690712,6.568392731069881,2209.2530996603787,6.0,44.47072885985003,0.3125114418281516,-0.745580636293712,No,0.8211233609301724,-0.5969335335018492,-0.1486471027918628,0.9091655881333016
883,329.0,9.928321083296408,60.000000095025406,1.1161688826535092,2038.1785977704185,4.434554585605448,43.30770921763202,0.32543220123136496,-0.5440760374919277,No,0.7220319579520732,-0.382497671381082,-0.16157836611084567,0.548512823874439
884,365.0,19.31402732316591,60.00000003272893,4.1821516219879395,1999.2639658315704,6.0,44.32236843592899,0.3420373944253998,-0.6762351624714524,No,0.69123583045295,-0.5259545292100437,-0.15028063326140878,0.8487961518917446
885,287.0,14.774122680013496,60.00000000024731,5.615597012907848,2086.973063242172,5.686638868490387,45.17681439069325,0.44589477453259874,-0.5850778803131167,No,0.7582112413625792,-0.44414201250429997,-0.14093586780881678,0.8528762257975823
886,203.0,13.707037156870951,60.00000007741353,0.10168018323553077,2374.1266912077667,6.0,40.0,0.4224788695761386,-1.2031059224107865,No,0.8424602091216056,-0.3910804600164797,-0.20000000061930825,-0.6120254617749985
887,307.0,10.552817102858798,60.0000000732724,0.9998659144241692,2309.033466201026,5.165259246970953,47.262596603561676,0.39952456016024285,-0.46151163040476145,No,0.765293522451896,-0.3427619090262404,-0.11874972137852108,0.4290020299317918
888,325.0,16.589457680944758,60.0000000730932,6.081612433011796,2247.550971131523,5.962880588844855,44.26854205149419,0.31721720258525526,-0.6220706854048319,No,0.7473325087455504,-0.47119624426416684,-0.15087444114066503,0.9008514929603506
889,227.0,6.990679674241551,60.00000004584493,6.228754922089186,1905.9892447313753,3.259790792702827,44.99527470819663,0.2723021108051914,-0.5068810304185393,No,0.7871531696086091,-0.36397245312496235,-0.14290857729357695,0.9162283581185695
890,310.0,3.722766702040433,60.00000006641438,3.1155197852261205,2029.8091346964295,1.4117829496019556,41.81155216657205,0.34092656832270907,-0.6287331686529418,No,0.7350211216777561,-0.4500849946400387,-0.1786481740129031,0.8027300102762074
891,292.0,18.656196627506265,60.000000035822275,5.1325436291627025,2327.849773908632,5.738199369937214,42.94166464499681,0.3560792513700166,-0.6952564974308204,No,0.7770864551791788,-0.5295477395268509,-0.16570875790396955,0.8702482356246505
892,362.0,12.977055046155202,60.00000000633307,2.1478273636139935,2092.1705865955655,4.6701609320407735,45.28495368519946,0.2694621992335673,-0.6104838083441013,No,0.7049919822385552,-0.47071980783699896,-0.1397640005071024,0.7770542649295672
893,317.0,10.287697120942322,60.00000005344245,6.747596270713646,2222.5915331050696,5.399804487154886,40.03218442105226,0.3479425313677028,-0.5111926930052066,No,0.7503535542092352,-0.31157878136978284,-0.19961391163542375,0.9019263959868306
894,381.0,14.48014505823153,60.000000021782995,9.50851578693432,2192.709344419408,3.7620165088932054,41.762432154308904,0.3751937181431723,-0.7667641672207399,No,0.7039292717135095,-0.5875470683613553,-0.1792170988593847,0.9240783598606521
895,239.0,7.2826402380999,60.00000004296431,3.697090527941129,1793.191516497656,3.754859621343696,42.023059063665244,0.43348546367459695,-0.4958224118620045,No,0.7647859485095182,-0.31961772699257274,-0.17620468486943172,0.7901089511223185
896,311.0,7.246954507357681,60.000000021185144,0.6373246117251217,2169.340005862201,1.1938436497999367,43.7839884482792,0.25948685977732255,-0.8733731321970947,No,0.7492279290218584,-0.7171254121773821,-0.15624772001971254,0.42131235377130133
897,245.0,11.710554697734787,60.000000026853684,2.3068893325235145,1870.6312930938354,3.8252955763303462,41.793160603836846,0.3888709828621354,-0.6864135931372388,No,0.7683906446271935,-0.5075524662185852,-0.17886112691865366,0.7114943931456277
898,387.0,24.912762691714256,60.00000008283436,4.599153827775485,2357.3321651028145,6.0,42.56120672471269,0.386537636347584,-0.7818438559177869,No,0.7179641699928833,-0.6118108200268869,-0.17003303589090005,0.8449412126165043
899,333.0,7.853845064755792,60.000000033775514,5.645493366550076,2117.1540364657635,2.488411009063422,42.1277889171009,0.4175694339624314,-0.6937860975189445,No,0.7281803551581292,-0.5187875853581537,-0.1749985121607907,0.8622579222081834
900,366.0,22.995493829005152,60.000000057793365,6.235603899803135,2130.892314234048,6.0,42.10714977540691,0.44044068070175757,-0.7613786066084189,No,0.7068355748355332,-0.5861425892323999,-0.17523601737601896,0.8680534033616509
901,269.0,12.788804686101379,60.00000005661421,4.7840234428265305,2090.5516752335798,6.0,44.87097730011949,0.4295105041043198,-0.5055849974852196,No,0.7719905837846329,-0.361321797715171,-0.14426319977004862,0.8352324897175868
902,357.0,3.943298125695301,60.00000004853379,6.605955343668282,2057.9674777738787,1.8809046556206535,40.94691670789049,0.3635858203921035,-0.5428510172586528,No,0.7043438445563803,-0.3541074285206564,-0.1887435887379964,0.8956643452320807
903,337.0,21.467830969223744,60.00000003437396,7.187543652803238,1868.9394836396534,6.0,42.28825559480547,0.2843516507702286,-0.7362805256274152,No,0.6944612465578862,-0.5631253150842028,-0.17315521054321237,0.9238876779672658
904,398.0,11.849024445889537,60.00000006825519,1.2288312477218093,2046.7496660543877,5.577057962917052,45.31557487409182,0.4079223749562203,-0.499350937438063,No,0.6744042913462488,-0.35991833022681174,-0.13943260721125125,0.5015470021825467
905,323.0,22.568296738869527,60.00000000484093,7.6172675156832605,2203.3660710978356,6.0,41.98741412475287,0.2482698828616026,-0.7565697290076164,No,0.744296755964871,-0.5799539570144198,-0.17661577199319667,0.9368714760907415
906,319.0,11.682668625818922,60.000000009957475,2.2952963674198816,2275.3446339631173,3.5972716778870186,45.51900953700271,0.4088647842720611,-0.6663869275422161,No,0.7540804750271778,-0.5291510822179653,-0.13723584532425076,0.6976032408303462
907,311.0,3.1069777865135455,60.00000007838898,3.479435434310703,2394.9228733349946,1.305815284206506,40.374064002037805,0.36409865722778767,-0.6036963189937481,No,0.7701338770112847,-0.40816835809913404,-0.19552796089461405,0.8105396499386605
908,387.0,17.36630224601529,60.000000045958174,8.315850467780573,2034.4351943336003,6.0,42.26761519469087,0.3739134084140192,-0.6598319075978019,No,0.6803548565696752,-0.4864399221726926,-0.1733919854251093,0.9139416412824872
909,351.0,21.292509255392787,60.00000001242372,9.647893466197967,2108.917758171337,6.0,44.25532945799807,0.3067458497215462,-0.7113392124448411,No,0.7146246057746843,-0.5603189179965601,-0.151020294448281,0.9383712779566014
910,268.0,8.670106530399284,60.00000008576516,2.9906372817019866,2041.642250849827,4.55031562162953,40.0,0.21849926501007277,-0.5116232500342919,No,0.7679294272510038,-0.31162324934817065,-0.20000000068612128,0.8638267572416402
911,282.0,9.338207073725547,60.0000000441286,5.267652357380946,2146.1511267521437,2.9760137233758854,40.86799378031192,0.3101437081944169,-0.7063278623856583,No,0.7677245070184748,-0.5166541558071801,-0.18967370657847815,0.88879345729094
912,262.0,2.5585378795857077,60.000000000067594,7.050750927273856,2071.8775912200736,1.3881511346311508,40.0,0.3230143236153395,-0.49654901633766824,No,0.7754809412579046,-0.2965490163371275,-0.20000000000054077,0.9123882270115969
913,222.0,14.012112669413495,60.00000009580318,0.5532032875648394,2329.881696153385,4.824435716051315,45.56463626560048,0.22582177898820655,-0.6245023030947991,No,0.8260107431040907,-0.48775798863723013,-0.136744314457569,0.4202451533751007
914,271.0,22.391960376493333,60.00000002023182,1.7251381402833694,1958.4087096233795,5.882474940032157,41.01687993046768,0.4241280982228022,-0.7718217858863654,No,0.756886210383756,-0.5839015086116297,-0.18792027727473573,0.605327538650969
915,315.0,21.432689218075023,60.00000006885919,1.490446954490264,2285.3660970118444,6.0,42.66766970412126,0.4261543858634873,-0.7313854212286817,No,0.7577264213973751,-0.5625656710282212,-0.1688197502004605,0.555302005804889
916,262.0,18.083418496173103,60.00000001319131,7.19687551521404,2436.3755698143436,6.0,41.486365253287325,0.3090144168658419,-0.6841567137893245,No,0.8058090927512909,-0.5017318657686898,-0.18242484802063472,0.9176608184606795
917,392.0,23.255786961356268,60.00000006499972,7.243435044968029,2311.1876887508542,6.0,47.20558108912687,0.4044941648465206,-0.7091694506373025,No,0.7099720440195231,-0.5898247407991212,-0.11934470983818138,0.8942212581341795
918,318.0,16.30480054153639,60.00000001589775,1.1589189046432382,2123.556139949006,5.794372127245449,40.0,0.3704589339025841,-0.6756028008210915,No,0.7395103927394094,-0.47560280069390953,-0.200000000127182,0.5155429553565031
919,345.0,20.048713212280063,60.000000093272554,6.1474324847729696,1901.5051578671428,6.0,40.0,0.22011419616859698,-0.7393246536682726,No,0.6928562582713614,-0.5393246529220922,-0.20000000074618043,0.9308637353763228
920,356.0,13.210137884183219,60.000000027401946,1.9566796652628733,2009.1555269593416,5.168977484298472,40.0,0.2098327956488597,-0.6375161830532662,No,0.6989627143398254,-0.43751618283405064,-0.20000000021921557,0.8062944022389276
921,371.0,3.9126989218829653,60.0000000654588,9.30914096561614,2020.947937354382,1.9249486337001476,43.092313043803415,0.22121562116819274,-0.504510673419222,No,0.6897925793398789,-0.3405053609791393,-0.1640053124400827,0.9535766329090034
922,297.0,5.823528908264458,60.00000002503893,3.989675250160218,1983.2963613710083,2.5462372629028467,40.0,0.3799347586862436,-0.5915631070229884,No,0.7395075438164264,-0.391563106822677,-0.20000000020031145,0.826101296034635
923,286.0,4.333044928920778,60.00000003718438,4.624755482100591,1933.3816308065352,0.973409787839602,41.36640260133066,0.40856257306743055,-0.8169465571253625,No,0.7422705531756014,-0.6331223614270758,-0.1838241956982867,0.8376567629586078
924,207.0,19.96895345938598,60.00000009038003,7.836061996122672,2350.772689861354,6.0,40.0,0.3969446329791322,-0.7379097582815286,No,0.8381404252062598,-0.5379097575584884,-0.20000000072304022,0.9035723762019032
925,326.0,1.6308166433983766,60.000000016552505,7.196200353246496,2209.735986977081,0.8425658796076081,40.09508321467796,0.4185638482432093,-0.5175535169731666,No,0.742875439971467,-0.31869343154927,-0.19886008542389672,0.8900651846418766
926,283.0,14.296514494230282,60.00000003963416,1.166880898146171,2190.6539909727176,3.61355778964148,40.0,0.23539761805701012,-0.7964775876358545,No,0.7711886941077676,-0.5964775873187812,-0.20000000031707327,0.6642641025487942
927,246.0,9.853867972029297,60.00000003055092,4.20325641677047,1992.2579381447995,4.898581932750703,40.0,0.24306225223962485,-0.5358958054335516,No,0.780186192299267,-0.3358958051891443,-0.20000000024440737,0.8906680918154978
928,324.0,20.287881430926074,60.000000069944136,9.273602652319376,2017.5575401051588,5.1881323401034685,45.06247899326983,0.24267234697072235,-0.7348820470298393,No,0.7232611247422523,-0.5927045426546883,-0.14217750437515095,0.9489984585378572
929,254.0,14.23952641423426,60.00000002341439,8.390915751116003,1832.049950588023,3.714422296277834,42.412208721529844,0.4011133827318272,-0.7579631138241738,No,0.7564775475022527,-0.5862278147087469,-0.17173529911542698,0.9087552198416613
930,290.0,15.686760702892501,60.00000006554853,5.929229968189224,1986.5454631247876,6.0,40.0,0.28105873525292135,-0.6466670171250056,No,0.7452280178916824,-0.4466670166006174,-0.2000000005243882,0.9094860968066942
931,266.0,3.0691715596463847,60.00000007036981,7.744237219008566,2381.194513253206,0.8343459662941636,44.928087586703576,0.3482713132602119,-0.7161562343857255,No,0.7990325239280541,-0.5725158343726771,-0.14364040001304845,0.9139274770310135
932,287.0,8.42297722068309,60.00000000010863,4.559995509893745,1817.527127070143,3.073675798245219,42.25020308354798,0.37407394641996794,-0.6388838659886936,No,0.727254644230172,-0.4652920648845085,-0.17359180110418507,0.8483710252836845
933,271.0,24.990281054425285,60.00000004768067,6.618721280502007,1924.9162938561929,6.0,42.38190194488578,0.353110376328474,-0.784863980145209,No,0.753178205600812,-0.6127818273436907,-0.17208215280151828,0.8987036997709137
934,352.0,18.25287183737727,60.00000001326998,9.566284184094934,2347.3303232755384,6.0,40.0,0.2448532140369284,-0.7052132350391784,No,0.7391945721019716,-0.5052132349330185,-0.20000000010615987,0.9500866812682595
935,379.0,13.616695715927202,60.00000002261908,1.4328965428632647,2367.129891255382,6.0,42.71219310548125,0.3730895827093952,-0.5565892750230199,No,0.7239751832519898,-0.38827618199445535,-0.16831309302856454,0.5868300675996697
936,270.0,19.459949208992754,60.00000006799827,5.038403556815852,1822.1806205352023,5.835535526807305,40.0,0.4345224026116522,-0.738610500579321,No,0.7418960893243232,-0.5386105000353348,-0.20000000054398617,0.841210202428134
937,342.0,20.760145588201375,60.000000000928694,5.350607040438935,2072.471468875147,6.0,44.67298033905225,0.3956457575805481,-0.6979996072228588,No,0.7167081869397025,-0.5515719464063441,-0.1464276608165147,0.8622943432920623
938,202.0,2.770017109869736,60.00000006955971,0.5808588957558617,2031.1228356763227,1.201410607833423,40.0,0.33254975523202024,-0.5949729456875307,No,0.8190874261166002,-0.394972945131053,-0.20000000055647768,0.27184890383432087
939,332.0,24.337113556330383,60.0000000817109,9.35955198023336,2271.2654923479377,6.0,42.896485123756236,0.3648317895980714,-0.7706654942016788,No,0.7449357347716675,-0.6044448995545265,-0.1662205946471524,0.9249655714473318
940,248.0,16.416126145273154,60.00000009881549,8.404279495721275,2467.9553617624224,5.650803961312041,46.46007298813284,0.4421434594532183,-0.6150318023855028,No,0.8173754963048662,-0.4878486555204402,-0.12718314686506257,0.9000401717861347
941,221.0,11.799387895911906,60.00000004223139,4.88102643900567,1997.1323698294007,5.3519405900804085,40.0,0.30866791056726456,-0.5759153302259821,No,0.800733262806135,-0.37591532988813087,-0.20000000033785115,0.8810458228266698
942,261.0,17.32261577558994,60.000000013217516,5.132495700811645,1991.246622143175,6.0,40.0,0.3851042212032835,-0.6854779535452719,No,0.7682314206322222,-0.4854779534395317,-0.20000000010574012,0.8604087912692843
943,384.0,9.268354736864794,60.00000000708283,9.219506909033631,2224.1227778853613,4.416293448252604,45.077169458334254,0.38035077013973306,-0.4965801897601636,No,0.7055353350264106,-0.35456236966975885,-0.14201782009040478,0.9207590814674483
944,304.0,22.07104363960988,60.00000003830699,1.8543041411712413,2407.6646108692285,6.0,44.24370198320925,0.2814212397300885,-0.7236619029443152,No,0.7757834809058098,-0.5725132220211685,-0.15114868092314673,0.736463084395877
945,325.0,19.726310292119404,60.000000073076336,5.827688418471348,2145.0364012371506,5.249764073524397,44.75407024074017,0.2551656895755412,-0.7251567707008698,No,0.7368459834541552,-0.579616556495701,-0.1455402142051688,0.9161033011664745
946,342.0,16.355054304799914,60.000000010242715,7.331897151253501,1980.0896136565823,5.771749974605185,40.28108677179085,0.43197177911071766,-0.6749388468172727,No,0.7054377247211795,-0.4783024333995361,-0.19663641341773658,0.8887225472286654
947,394.0,5.367115277251297,60.00000003133515,1.3709796423106204,1936.322474564492,1.6442751160852886,40.0,0.25055272269228723,-0.7309703145986148,No,0.6618493755259056,-0.5309703143479336,-0.20000000025068118,0.6909679657342664
948,261.0,24.190350734418562,60.0000000880989,3.9353152342845936,1778.2794100389228,6.0,40.0,0.41291284163582004,-0.8025220082971251,No,0.7440272297016735,-0.6025220075923339,-0.2000000007047912,0.8100776525856839
949,376.0,11.382838875567398,60.00000001371293,6.045405615873572,2001.301176414271,4.066280066911813,41.50997352988432,0.3594998034700009,-0.6557405343856301,No,0.6836749136118057,-0.4735906840964132,-0.1821498502892169,0.8877423537327283
950,321.0,22.857094502725296,60.00000007734605,8.838689049230913,1915.1215942290453,6.0,48.773312525196225,0.22161858307513618,-0.6873695021798903,No,0.7128957559119925,-0.5841577190362424,-0.10321178314364798,0.9510792365846569
951,365.0,2.3299084004266497,60.00000007531578,5.090690181596329,2258.759342923956,1.006313144012748,43.39059919907557,0.3825044386612444,-0.5573819297982026,No,0.7217732632496404,-0.39673482074953514,-0.16064710904866736,0.8602262608219683
952,382.0,3.9798668953362926,60.000000013314626,3.9081601235626713,1983.1230557024596,1.8795502912170816,44.257306853685314,0.4229556570341432,-0.5094499166120279,No,0.6769724103116123,-0.35845145297712777,-0.1509984636349001,0.8046897481111156
953,325.0,4.672371203444814,60.00000009929402,9.797057526029926,2022.8041346357682,1.87935626827277,40.0,0.31766315760738456,-0.6263020634532306,No,0.7231455595418145,-0.4263020626588784,-0.20000000079435215,0.9371879525805845
954,314.0,4.951769917362979,60.000000014285305,9.167511392801282,2106.5878340438685,2.740757871592318,42.39174833565732,0.39950437861802707,-0.45939278256136085,No,0.7405588877347804,-0.2874233420313627,-0.1719694405299981,0.9164829685320443
955,204.0,8.743858027709335,60.000000053050826,7.647509096991748,2208.075377024564,2.520088891866319,45.5856948768184,0.4374834739007176,-0.6890565215711904,No,0.8308510571907202,-0.5525389262112649,-0.1365175953599255,0.8917788804220447
956,223.0,18.0239711807019,60.00000000084747,2.808599211565501,2138.2582041983483,5.100637010566985,42.314379177835285,0.31994573784812463,-0.7317120243166675,No,0.8111176493925967,-0.5588563517808858,-0.17285567253578168,0.795466746988506
957,275.0,9.304553976204954,60.00000006500202,9.639576023029552,2013.4377762676677,5.161090918066797,45.660900063295436,0.3929587519515751,-0.4221433956912233,No,0.7596613699949388,-0.28643472782737295,-0.13570866786385036,0.9216631168961357
958,256.0,23.581697318356834,60.000000044009944,9.707867334129796,2146.506602911183,6.0,43.20156049620052,0.31607394684832923,-0.7571168792542816,No,0.7868892433512584,-0.5943437636165172,-0.16277311563776442,0.936936193461523
959,303.0,22.47822200370699,60.0000000722432,4.5831724902055315,1870.3101254882088,5.653735612170272,44.103887154897706,0.3064755632595867,-0.7507507228111991,No,0.7211626666194871,-0.5980560123566099,-0.1526947104545893,0.874643099090783
960,377.0,21.302408947740776,60.000000062808006,1.420381127059326,2157.488100910078,6.0,42.93592658739641,0.3969229610351197,-0.7262520831231056,No,0.7025040284350692,-0.5604783437619347,-0.16577373936117096,0.5631738643681613
961,262.0,7.0145274155679775,60.00000001513742,4.186180180795432,2494.946285104326,3.603311105859962,42.15087976915104,0.421994476488908,-0.4960051047228767,No,0.8099346357122909,-0.3212721970506346,-0.1747329076722421,0.8168496170943335
962,278.0,16.2413701933059,60.00000004117099,7.03014142048154,2017.4801374637477,4.324197394040864,43.27109584934478,0.24381685079666346,-0.7414622954145413,No,0.7577848786727823,-0.5794721078642748,-0.16199018755026653,0.9329617130855993
963,369.0,14.220193971595352,60.00000006865662,7.50942597219137,2046.9499300757634,6.0,41.694900341572385,0.2283894197066098,-0.5865340566550105,No,0.6945300931891182,-0.4065338830647621,-0.1800001735902483,0.9409679843368326
964,348.0,4.004087083045665,60.000000085996255,3.0592400360587004,2096.662721963565,1.9424855591069006,43.77157885100715,0.25244849390010066,-0.5030733434379902,No,0.7152981498237232,-0.34668735219427116,-0.156385991243719,0.8475409196146588
965,294.0,8.267790546613025,60.000000008668806,7.044793673033111,2109.1376657631786,2.7274620370108478,40.0,0.2158422950148839,-0.703883696006799,No,0.7553198851746742,-0.5038836959374485,-0.20000000006935045,0.9405445209029223
966,321.0,13.803472714441133,60.00000001004651,8.621004706678665,1976.1550879683523,4.514908442755012,40.0,0.3774563221855172,-0.7070625069677355,No,0.7205238760924074,-0.5070625068873634,-0.2000000000803721,0.916106471767837
967,341.0,13.061755473790305,60.000000075244564,7.147556128311937,2011.470607196414,4.077469089890101,44.2131774575868,0.40219896915943254,-0.6756803074751478,No,0.7100920207403646,-0.5241944494349372,-0.15148585804021064,0.8934537706278339
968,335.0,5.047261641944964,60.00000005895739,9.361569566879105,1778.2794100389228,3.266240092978008,43.437965626634515,0.22004260083787605,-0.37434803853023557,No,0.6829572100985644,-0.21423241442114851,-0.16011562410908703,0.9540698168562366
969,288.0,23.5985677088463,60.00000003840319,6.362574516621913,2246.159861760437,6.0,40.0,0.3240821837456861,-0.7945749771087723,No,0.7727057362514365,-0.5945749768015468,-0.20000000030722556,0.9030660019594338
970,308.0,4.700662405109515,60.000000096324875,2.08880191502091,2432.208223842014,1.9911557014630108,40.39480610894609,0.4423936513856116,-0.6001793972662962,No,0.7751995652592001,-0.40489843873450454,-0.1952809585317917,0.6504468818948924
971,390.0,16.809588961210103,60.00000003145037,6.279259133133343,2015.723993840773,5.9096687357467745,40.64287109084068,0.21573737714818977,-0.6721005090888839,No,0.6757732798953721,-0.47976568472672043,-0.19233482436216337,0.9335681314665284
972,340.0,18.295186442494554,60.00000001398302,2.9767370052445816,1989.7588645882386,6.0,47.69279653834145,0.302922932391436,-0.6203556548658319,No,0.7081242997565831,-0.5060749985021363,-0.11428065636369557,0.8152717427101402
973,284.0,15.52333378868453,60.000000027696764,3.5184064508959527,1964.5374161448615,5.76138821914043,41.30131329051503,0.311314075920744,-0.6432211130757646,No,0.7473913505189336,-0.45863627281367775,-0.1845848402620868,0.837422039681046
974,290.0,21.220720098721337,60.00000000842487,6.756499759208039,1788.189731052795,6.0,42.63310569020878,0.265001864408668,-0.728372723993865,No,0.7209109489217925,-0.5591593478614959,-0.16921337613236911,0.924517039626584
975,379.0,14.526832826351098,60.00000005533966,9.815221412725187,1778.2794100389228,6.0,40.0,0.24159076813353264,-0.6153993413193513,No,0.6486315140854546,-0.41539934087663394,-0.20000000044271732,0.9519548016232509
976,316.0,20.80567041583917,60.00000006000079,6.535855239289082,2291.8651975131816,6.0,43.24712544603458,0.40983291921785314,-0.7145934859853849,No,0.7576561853723631,-0.5523335244430472,-0.16225996154233766,0.8819892543790934
977,269.0,1.6809637095730625,60.00000006075931,9.587431882771446,2014.5395940010642,0.3,42.11461326797776,0.2316183780150276,-0.8722672368763978,No,0.7644008444550977,-0.6971171167344039,-0.1751501201419939,0.9528226515063227
978,278.0,2.0910832789922074,60.00000007789696,5.088545046528172,2157.369835601006,0.8404463919903886,41.5650023752976,0.27923594113070993,-0.6081251550442691,No,0.7716979196045642,-0.4266158038177481,-0.181509351226521,0.895958519256764
979,264.0,16.39488961178464,60.00000006904761,6.9736885399005315,2011.4581304884032,6.0,40.0,0.3011405828056278,-0.6641634678424648,No,0.7679588154466853,-0.46416346729008395,-0.20000000055238085,0.9172102663234496
980,259.0,14.842509555457099,60.000000084789214,3.2915758343971664,2572.2728765039656,6.0,42.67374987867229,0.20107357645435286,-0.5930041271935214,No,0.817043420894272,-0.424253592492268,-0.1687505347012534,0.8848589979689199
981,230.0,16.627119459654395,60.00000006584054,1.2425119976078915,2075.5204865994074,4.993843600799007,41.6002071337539,0.43600238143310255,-0.7191553516132358,No,0.8004788928687899,-0.538055396807631,-0.18109995480560484,0.48049014428793985
982,384.0,19.407016021991467,60.000000030164934,3.587154244382486,2139.9350124799694,6.0,41.88726711067125,0.4267201969815271,-0.7054618085100881,No,0.6957132429311728,-0.5276895173516953,-0.17777229115839283,0.7873774064360035
983,249.0,10.998082807917909,60.00000005177491,4.855662231667206,1852.908055397032,5.326681631497017,46.02131986410669,0.2770205501928843,-0.47925872697391203,No,0.7630724147417893,-0.3474109043024055,-0.13184782267150655,0.8920562357089632
984,280.0,16.33578861301289,60.00000005095226,5.749318123105684,2311.4458975257617,6.0,40.0,0.21375840903846768,-0.6627456321867097,No,0.7839044216455872,-0.4627456317790916,-0.2000000004076181,0.9283059984602927
985,230.0,12.952913443266786,60.00000007478437,6.704856656716943,1957.0173329536308,3.79346359918872,44.53942250568865,0.3346030735400531,-0.6948434482337806,No,0.789667876395494,-0.5469511298388289,-0.1478923183949517,0.9049350130942969
986,390.0,16.051936247154025,60.00000002955421,4.233031537942667,2154.823708819865,6.0,41.31726389262033,0.24861250983637823,-0.6402284458409933,No,0.6934954679584793,-0.4558300973888996,-0.18439834845209366,0.8890529871690358
987,337.0,7.952119763238539,60.00000000545691,7.503900361428212,2006.695925428379,4.611080266623306,43.7234631971682,0.4134510174908498,-0.42286099320029114,No,0.7124200316741999,-0.26593857366545276,-0.1569224195348384,0.895558249797599
988,395.0,23.95960407890572,60.00000008979126,8.429754093927427,2199.5991166162844,6.0,42.28135243067146,0.4443809070542008,-0.7726950509633471,No,0.6955213639977381,-0.5994606614828702,-0.1732343894804769,0.8998480624860801
989,376.0,12.590675636210067,60.00000009546715,2.9306870042310993,2172.9909565328744,5.805687143961631,45.270338329794406,0.272158504582551,-0.5087445234923372,No,0.7049812993362413,-0.3688222815197771,-0.13992224197256015,0.8300520560023141
990,247.0,20.312515701177592,60.000000049488776,8.488280805063434,2097.219802553912,6.0,43.98971041683219,0.23489192172048895,-0.6979035901332051,No,0.7892689075223188,-0.5439432650119824,-0.15396032512122268,0.9461453007804673
991,249.0,17.43978018869624,60.000000011274366,8.10221731533429,2044.144603147884,5.380767524817177,45.80275074218871,0.2165289452916998,-0.6626138496662494,No,0.7828309652534005,-0.5284278368453968,-0.13418601282085252,0.9479419281444929
992,255.0,8.138412914313816,60.00000004995825,5.275026863471103,1778.2794100389228,4.383657434856781,40.59666924816056,0.4286026240760998,-0.49273345076259634,No,0.7491736760417806,-0.2998510130320209,-0.19288243773057545,0.8497088126036684
993,389.0,2.7513526121282985,60.000000059392974,0.3501941984192736,1910.8065252510394,1.469636212516318,44.368295874715976,0.295442383157952,-0.4534275643378409,No,0.6617106737206617,-0.30365311372741993,-0.14977445061042097,0.08480283928083558
994,323.0,2.4379127904320557,60.00000005282865,1.5387344451646758,2210.3134519447963,1.556186067205607,44.98881179556678,0.2759785948211336,-0.3637362936006,No,0.7449979987655799,-0.22075736096025228,-0.1429789326403477,0.6958432669627019
995,270.0,11.550531998089863,60.00000009776969,6.735516369792725,1920.5484945108567,2.8588098848643146,40.0,0.4085607678379134,-0.8032004927843355,No,0.7534863978801892,-0.603200492002178,-0.20000000078215754,0.8856225205951753
996,385.0,12.62202712257662,60.000000098688254,2.0790339309206964,2658.702296542349,4.584660952949532,40.0,0.322971625825005,-0.6671071009094296,No,0.747018622394601,-0.4671071001199235,-0.20000000078950605,0.7310816996921728
997,350.0,5.896552325521569,60.000000093392444,7.5268316848335335,2058.687002579081,1.4774153245754036,41.406095223310594,0.3863913933965554,-0.7826497261144485,No,0.7093852379946083,-0.5992889053273851,-0.18336082078706334,0.9023428533287406
998,394.0,15.559846307695272,60.00000001319829,1.6932604039979773,2110.9152736798264,6.0,41.155136013074085,0.31901017832431705,-0.6297064215908219,No,0.6854185016635733,-0.4434097614268759,-0.18629666016394608,0.6829351071105377
999,334.0,8.501979981926393,60.0000000860814,2.9374939267751885,2080.039389931954,3.2905268761232924,43.123585435597676,0.21462759849827198,-0.6055815247854568,No,0.7232853768724837,-0.44192919864580865,-0.16365232613964817,0.863820225979611
1000,352.0,18.2407092426985,60.00000005683804,2.5805539738360115,2019.7527605560374,6.0,40.0,0.2681675884149287,-0.7049649798265641,No,0.703173108214301,-0.5049649793718598,-0.2000000004547043,0.8117277645042753
